company,tel,industry
SBSフレックネット株式会社 千葉営業所,043-286-8301,ミライユ（ドライバー）
アートバンライン株式会社多摩営業所,426798850,ミライユ（ドライバー）
エア・ウォーターLINE株式会社,075-682-2350,ミライユ（ドライバー）
カリツー九州株式会社北九州営業所,093-293-8008,ミライユ（ドライバー）
ユニバース警備保障株式会社,368200660,ミライユ（警備）
ランナープロデュース株式会社,072-447-5276,ミライユ（ドライバー）
株式会社E-PROTECT,044-819-4909,ミライユ（警備）
株式会社キョウトプラス 東大阪支社,072-966-3153,ミライユ（ドライバー）
株式会社トランスメイト 城南営業所,03-3790-8281,ミライユ（ドライバー）
株式会社ハリマビステム,045-224-3577,ミライユ（警備）
株式会社マルトウ,027-352-2491,ミライユ（ドライバー）
株式会社協栄運輸,045-804-6024,ミライユ（ドライバー）
株式会社高木運輸 横浜営業所,045-582-1222,ミライユ（ドライバー）
株式会社石島運輸倉庫 伊勢崎物流センター,0270-61-6100,ミライユ（ドライバー）
株式会社石島運輸倉庫 群馬営業所,0277-78-6451,ミライユ（ドライバー）
株式会社石島運輸倉庫 新田物流センター,0276-55-6831,ミライユ（ドライバー）
株式会社石島運輸倉庫 西日本支店 佐賀センター,0942-50-8037,ミライユ（ドライバー）
株式会社石島運輸倉庫 西日本支店 福岡流通センター,092-643-5570,ミライユ（ドライバー）
株式会社石島運輸倉庫 赤堀出張所,0270-63-7210,ミライユ（ドライバー）
株式会社石島運輸倉庫 千葉営業所,0436-63-5553,ミライユ（ドライバー）
株式会社石島運輸倉庫 太田流通センター,0276-30-9055,ミライユ（ドライバー）
株式会社石島運輸倉庫 大分センター,097-578-7740,ミライユ（ドライバー）
株式会社石島運輸倉庫 長崎センター,0957-28-4030,ミライユ（ドライバー）
株式会社石島運輸倉庫 福岡センター,0949-43-3060,ミライユ（ドライバー）
株式会社石島運輸倉庫 福岡第一営業所,092-674-1120,ミライユ（ドライバー）
株式会社東京ダイケンビルサービス,03-3239-1261,ミライユ（警備）
関東システム輸送株式会社,0495-76-4090,ミライユ（ドライバー）
五大テック株式会社,06-6262-3535,ミライユ（警備）
全京運輸株式会社,075-972-1100,ミライユ（ドライバー）
日配企画株式会社,048-288-5590,ミライユ（ドライバー）
SLC株式会社,048-990-1888,ミライユ（ドライバー）
アイパック株式会社,0466-42-0511,ミライユ（ドライバー）
アクシアロジ株式会社,072-855-1899,ミライユ（ドライバー）
アトム・ロジスティックス株式会社,06-6577-2439,ミライユ（ドライバー）
グリーンミライユ（警備）保障株式会社 松戸支社,047-330-0666,ミライユ（警備）
コナミビジネスエキスパート株式会社,368670658,ミライユ（警備）
しんきん東京サービス株式会社,03-5541-5445,ミライユ（警備）
スターツファシリティーサービス株式会社,03-3241-3400,ミライユ（警備）
セーフティガードミライユ（警備）株式会社 東京支社,03-5944-5285,ミライユ（警備）
セコムオートサービス 株式会社,03-3733-2261,ミライユ（警備）
トーショー九州株式会社,097-528-9118,ミライユ（ドライバー）
トキワ株式会社,048-999-7871,ミライユ（ドライバー）
ネクストエクスプレス株式会社,0493-81-4451,ミライユ（ドライバー）
ロジボンサービス株式会社,03-5856-1100,ミライユ（ドライバー）
ロジボン株式会社 足立センター,03-5856-1100,ミライユ（ドライバー）
横海陸運株式会社,045-629-0155,ミライユ（ドライバー）
株式会社AIK,03-5422-3392,ミライユ（警備）
株式会社B&T,03-6809-2917,ミライユ（ドライバー）
株式会社JA-LPガス情報センター,482258627,ミライユ（警備）
株式会社Komazaki,0480-90-5801,ミライユ（ドライバー）
株式会社 Noa Corporation,0078-6043-4750,ミライユ（ドライバー）
株式会社S.A.Security,033-261-9551,ミライユ（警備）
株式会社アトラス産業,048-480-5121,ミライユ（ドライバー）
株式会社アレスコサービス,03-5575-1585,ミライユ（ドライバー）
株式会社エコラインシステム,03-6458-9203,ミライユ（ドライバー）
株式会社エシックス,03-3278-2660,ミライユ（ドライバー）
株式会社エフ・ケイ通商,048-998-6283,ミライユ（ドライバー）
株式会社エムエスアドバンス,048-423-3340,ミライユ（ドライバー）
株式会社エムティー23,03-5808-1278,ミライユ（ドライバー）
株式会社オーシャンメイト,03-3318-9005,ミライユ（ドライバー）
株式会社オタリス,04992-2-2731,ミライユ（警備）
株式会社コンフィアンス,048-767-0070,ミライユ（ドライバー）
株式会社サンキューコーポレーション,042-367-1151,ミライユ（ドライバー）
株式会社ジェイ・トップ,048-554-0541,ミライユ（ドライバー）
株式会社スワローホーム,03-3687-0211,ミライユ（ドライバー）
株式会社スワローロジスティクス,03-3687-0211,ミライユ（ドライバー）
株式会社 スワロー・8,03-3687-0211,ミライユ（ドライバー）
株式会社セディアトランスポート,03-3549-3077,ミライユ（ドライバー）
株式会社セルビス,9077424294,ミライユ（警備）
株式会社ニッポー興産,0470-86-4802,ミライユ（ドライバー）
株式会社ネクスト,011-807-0324,ミライユ（ドライバー）
株式会社はとバスエージェンシー,03-3298-3942,ミライユ（警備）
株式会社ハピネット・ロジスティクスサービス,047-318-8161,ミライユ（ドライバー）
株式会社ハリマビステム 東京支店,03-5820-5301,ミライユ（警備）
株式会社メッセンジャープラス,03-5366-1750,ミライユ（ドライバー）
株式会社ヤマキ商会,048-729-4312,ミライユ（ドライバー）
株式会社ヤマショウロジテム,048-775-5151,ミライユ（ドライバー）
株式会社ヤマックス,048-561-1161,ミライユ（ドライバー）
株式会社ユニテックス 東京支社,03-3231-4888,ミライユ（警備）
株式会社ロジネットジャパン,011-251-7755,ミライユ（ドライバー）
株式会社ロジネットジャパン東日本,03-6910-3121,ミライユ（ドライバー）
株式会社開宝,048-959-9073,ミライユ（ドライバー）
株式会社久喜トップス,0480-26-5555,ミライユ（ドライバー）
株式会社新都市,03-3330-5491,ミライユ（警備）
株式会社千葉スワロートラック 印西営業所,0476-33-6911,ミライユ（ドライバー）
株式会社千葉スワロートラック 千葉本社営業所,043-440-5237,ミライユ（ドライバー）
株式会社千葉スワロートラック 前橋営業所,027-212-2911,ミライユ（ドライバー）
株式会社創演社,048-741-4635,ミライユ（ドライバー）
株式会社大晋,042-769-3434,ミライユ（警備）
株式会社中村製作所,043-301-5176,ミライユ（ドライバー）
株式会社南和コーポレーション,03-3866-5806,ミライユ（ドライバー）
株式会社日本管財サービス 川崎事業所,044-331-3200,ミライユ（警備）
株式会社豊田組,042-325-6619,ミライユ（ドライバー）
株式会社明和産業,03-3240-9011,ミライユ（ドライバー）
株式会社木村工業,03-3778-9211,ミライユ（警備）
株式会社鈴木通商,048-748-5411,ミライユ（ドライバー）
株式会社六起商会,04-7121-0420,ミライユ（ドライバー）
吉川運輸株式会社 空港出張所,0476-33-8860,ミライユ（ドライバー）
京和興業株式会社,043-245-9221,ミライユ（ドライバー）
栗林運輸株式会社 第一営業部,03-3452-4871,ミライユ（ドライバー）
高岡エクスプレス株式会社,0438-53-7883,ミライユ（ドライバー）
鴻池運輸株式会社 南多摩営業所,042-377-3519,ミライユ（ドライバー）
坂井興発株式会社,043-241-5174,ミライユ（ドライバー）
埼玉日化サービス株式会社,048-666-1101,ミライユ（警備）
三っ葉運輸株式会社,048-478-1880,ミライユ（ドライバー）
山晃運輸株式会社,054-667-2095,ミライユ（ドライバー）
山正電気工事株式会社,045-521-1127,ミライユ（警備）
神姫バス株式会社,079-223-1351,ミライユ（ドライバー）
石橋荷役株式会社,043-312-7641,ミライユ（ドライバー）
千葉オーシャンターミナル株式会社,043-241-1252,ミライユ（ドライバー）
川畑海運株式会社,03-3563-1921,ミライユ（ドライバー）
袖ケ浦港運株式会社,0438-62-0639,ミライユ（ドライバー）
太平ビルサービス株式会社 千葉支店,043-307-7560,ミライユ（警備）
中央航運株式会社,0438-25-3411,ミライユ（ドライバー）
中谷運輸株式会社,06-6572-5021,ミライユ（ドライバー）
東亜ミライユ（警備）保障株式会社 東京支社,03-6659-4051,ミライユ（警備）
東京スチールサッシ株式会社,03-3813-3441,ミライユ（ドライバー）
東京都下水道サービス株式会社,03-3241-0711,ミライユ（警備）
東群ホールディングス株式会社,0270-25-5881,ミライユ（ドライバー）
東港輸送株式会社,047-359-0941,ミライユ（ドライバー）
東宝産業株式会社,043-277-0303,ミライユ（ドライバー）
日本ハウズイング株式会社,03-5379-4141,ミライユ（警備）
尾西運輸株式会社,0586-51-1115,ミライユ（ドライバー）
福山瑞穂運輸株式会社 東京営業所,04-2936-5640,ミライユ（ドライバー）
福野運輸株式会社,048-936-5538,ミライユ（ドライバー）
有限会社信州観光バス,026-272-8100,ミライユ（ドライバー）
有限会社泰和建装,047-470-5144,ミライユ（警備）
SBSフレック関東株式会社 千葉営業所,043-286-8301,ミライユ（ドライバー）
アサヒエンタープライズ有限会社,03-5666-5051,ミライユ（ドライバー）
シンシアセキュリティ株式会社 関東営業所,03-5909-2050,ミライユ（警備）
ダイセー物流株式会社,0568-68-9905,ミライユ（ドライバー）
トナミ運輸株式会社東神ブロック,335221055,ミライユ（ドライバー）
株式会社ADKホールディングス,9093821536,ミライユ（警備）
株式会社アイ・リンクホールディングス,0277-78-6454,ミライユ（ドライバー）
株式会社アルファサービス,04-7127-4000,ミライユ（ドライバー）
株式会社カンサイロジック,075-981-7475,ミライユ（ドライバー）
株式会社タカロジ,0287-96-2057,ミライユ（ドライバー）
株式会社ハート引越センター 多摩センター,042-678-7681,ミライユ（ドライバー）
株式会社パルシステム・イースト,0297-38-5031,ミライユ（ドライバー）
株式会社ヒューテックノオリン 埼玉支店 病院・店舗食材センター,048-792-2361,ミライユ（ドライバー）
株式会社ヒューテックノオリン 東京臨海支店 第二センター,044-280-3621,ミライユ（ドライバー）
株式会社中原屋,044-522-4343,ミライユ（ドライバー）
株式会社旅館ランドリー,044-588-0481,ミライユ（ドライバー）
協業組合仙台清掃公社,022-284-6661,ミライユ（ドライバー）
日通千葉南流通サービス株式会社,0436-43-2487,ミライユ（ドライバー）
富国運輸株式会社  本店,045-211-2086,ミライユ（ドライバー）
有限会社共栄運輸,01558-2-5551,ミライユ（ドライバー）