industry,company,tel,
ミライユ（ドライバー）,KEIBI株式会社,07064853663,
ミライユ（ドライバー）,愛媛近鉄タクシー株式会社 松山,089-924-6114,
ミライユ（ドライバー）,伊賀鉄道株式会社,00000,
ミライユ（ドライバー）,株式会社三交タクシー,059-353-2221,
ミライユ（ドライバー）,岐阜近鉄タクシー株式会社,0584916068,
ミライユ（ドライバー）,近畿日本鉄道株式会社,0000000,
ミライユ（ドライバー）,近鉄グループホールディングス株式会社,0000000,
ミライユ（ドライバー）,近鉄タクシー株式会社,06-6771-9031,
ミライユ（ドライバー）,近鉄バス株式会社,06-6618-5300,
ミライユ（ドライバー）,近鉄レンタリース株式会社,(06) 6772-8221,
ミライユ（ドライバー）,近鉄東美タクシー株式会社,0573-66-1225,
ミライユ（ドライバー）,近鉄東美タクシー株式会社 春日井営業所,0568-51-3550,
ミライユ（ドライバー）,御在所ロープウエイ株式会社,059-392-2261,
ミライユ（ドライバー）,広島近鉄タクシー株式会社,０８２－２５３－２２３５,
ミライユ（ドライバー）,国道九四フェリー株式会社,(097)575-1020,
ミライユ（ドライバー）,三交伊勢志摩交通株式会社,0596-23-5134,
ミライユ（ドライバー）,三重急行自動車株式会社,0598-52-2113,
ミライユ（ドライバー）,三重近鉄タクシー株式会社,059-353-1251,
ミライユ（ドライバー）,三重交通株式会社,059-229-5511,
ミライユ（ドライバー）,四日市あすなろう鉄道株式会社,059-351-0688,
ミライユ（ドライバー）,志摩マリンレジャー株式会社,0599-25-3147,
ミライユ（ドライバー）,周南近鉄タクシー株式会社,0834-21-1551,
ミライユ（ドライバー）,新若草山自動車道株式会社,0742-26-7213,
ミライユ（ドライバー）,石川近鉄タクシー株式会社,076-261-9227,
ミライユ（ドライバー）,奈良観光バス,0742-62-5531,
ミライユ（ドライバー）,奈良近鉄タクシー株式会社,0742-62-1337,
ミライユ（ドライバー）,奈良生駒高速鉄道株式会社,0743-75-5505,
ミライユ（ドライバー）,萩近鉄タクシー株式会社,0838-22-0924,
ミライユ（ドライバー）,八風バス株式会社,0594-22-6321,
ミライユ（ドライバー）,別府ロープウェイ株式会社,0977-22-2277,
ミライユ（ドライバー）,防長観光バス株式会社,0834-22-7801,
ミライユ（ドライバー）,防長交通株式会社,0834-22-7801,
ミライユ（ドライバー）,北交大和タクシー株式会社,093-871-5533,
ミライユ（ドライバー）,北日本観光自動車株式会社,076-266-2511,
ミライユ（ドライバー）,養老鉄道株式会社,0584-78-3400,
ミライユ（ドライバー）,株式会社HITOAI,03-0000-0000,
ミライユ（ドライバー）,株式会社アットキャド,03-5354-7553,
ミライユ（ドライバー）,HRソリューションズ株式会社,06-6690-8533,
ミライユ（ドライバー）,KNT－CTホールディングス株式会社,03-5325-8512,
ミライユ（ドライバー）,あべのハルカス近鉄本店,(06)6624-1111,
ミライユ（ドライバー）,あやめ館,050-5484-2355,
ミライユ（ドライバー）,ウェスティン都ホテル京都,075-771-7111,
ミライユ（ドライバー）,エンジニア株式会社,03-6427-7970,
ミライユ（ドライバー）,クラブツーリズム株式会社,0000000,
ミライユ（ドライバー）,こまどりケーブル株式会社,0000000,
ミライユ（ドライバー）,シェラトン都ホテル大阪,06-6773-1111,
ミライユ（ドライバー）,シェラトン都ホテル東京,03-3447-3111,
ミライユ（ドライバー）,ニフレル（NIFREL）,06-6576-5529,
ミライユ（ドライバー）,ホテル近鉄ユニバーサル・シティ,06-6465-6000,
ミライユ（ドライバー）,ホテル志摩スペイン村,0599-57-3511,
ミライユ（ドライバー）,ミディ総合管理株式会社 事業所,06-7633-8300,
ミライユ（ドライバー）,伊賀ゴルフコース,0595388311,
ミライユ（ドライバー）,奥日光高原ホテル,0288-62-2121,
ミライユ（ドライバー）,花吉野カンツリー倶楽部,0747-53-2290,
ミライユ（ドライバー）,橿原店,(0744)25-1111,
ミライユ（ドライバー）,葛城高原ロッジ,0745-62-5083,
ミライユ（ドライバー）,株式会社KCN京都,0774-95-0082,
ミライユ（ドライバー）,株式会社アド近鉄,06-6774-5400,
ミライユ（ドライバー）,株式会社きんえい,06-6632-4551,
ミライユ（ドライバー）,株式会社くらし科学研究所,06-6556-7505,
ミライユ（ドライバー）,株式会社クラブツーリズム・スペースツアーズ,03-4335-1800,
ミライユ（ドライバー）,株式会社クラブツーリズム・ライフケアサービス,03-5909-1338,
ミライユ（ドライバー）,株式会社サカエ,06-6933-5101,
ミライユ（ドライバー）,株式会社ジャパンフーズクリエイト,06-6621-1150,
ミライユ（ドライバー）,株式会社シュテルン近鉄,06-6961-2600,
ミライユ（ドライバー）,株式会社テレビ岸和田,072-436-3636,
ミライユ（ドライバー）,株式会社てんころるん,07090651056,
ミライユ（ドライバー）,株式会社ユナイテッドツアーズ,03-5214-0620,
ミライユ（ドライバー）,株式会社海遊館,06-6576-5529,
ミライユ（ドライバー）,株式会社近畿日本ツーリスト商事,03-6777-9660,
ミライユ（ドライバー）,株式会社近商ストア,072-338-3800,
ミライユ（ドライバー）,株式会社近創,06-6630-6290,
ミライユ（ドライバー）,株式会社近鉄エクスプレス,03-6863-6440,
ミライユ（ドライバー）,株式会社近鉄エクスプレス すみだ輸出営業所,03-6847-5710,
ミライユ（ドライバー）,株式会社近鉄エクスプレス すみだ輸出営業所 武蔵野出張所,042-327-4101,
ミライユ（ドライバー）,株式会社近鉄エクスプレス 京浜輸出営業所,03-5443-9211,
ミライユ（ドライバー）,株式会社近鉄エクスプレス 京浜輸出営業所 横浜出張所,045-201-8661,
ミライユ（ドライバー）,株式会社近鉄エクスプレス 原木ロジスティクス営業所,047-327-7300,
ミライユ（ドライバー）,株式会社近鉄エクスプレス 港輸入営業所,03-6865-1540,
ミライユ（ドライバー）,株式会社近鉄エクスプレス 芝輸入営業所,03-6865-1354,
ミライユ（ドライバー）,株式会社近鉄エクスプレス 新宿輸出第一営業所,03-5272-2820,
ミライユ（ドライバー）,株式会社近鉄エクスプレス 成田ロジスティクス営業所,0479-70-9201,
ミライユ（ドライバー）,株式会社近鉄エクスプレス 千代田輸入営業所,03-6856-7990,
ミライユ（ドライバー）,株式会社近鉄エクスプレス販売,03-5443-9456,
ミライユ（ドライバー）,株式会社近鉄エクスプレス 北関東輸出営業所,0276-36-1201,
ミライユ（ドライバー）,株式会社近鉄エクスプレス 北関東輸出営業所 宇都宮出張所,028-656-9651,
ミライユ（ドライバー）,株式会社近鉄トレーディングサービス,0000,
ミライユ（ドライバー）,株式会社近鉄リテーリング,06-6772-7501,
ミライユ（ドライバー）,株式会社近鉄生駒レジャー,0743-61-5330,
ミライユ（ドライバー）,株式会社近鉄百貨店,0000000,
ミライユ（ドライバー）,株式会社三交イン,052-589-0035,
ミライユ（ドライバー）,株式会社三交クリエイティブ・ライフ,052（857）1561,
ミライユ（ドライバー）,株式会社三交シーエルツー,052-962-0071,
ミライユ（ドライバー）,株式会社三交ドライビングスクール,059-352-3812,
ミライユ（ドライバー）,株式会社三交不動産鑑定所,052-563-5531,
ミライユ（ドライバー）,株式会社三重カンツリークラブ,059-392-3161,
ミライユ（ドライバー）,株式会社松阪カントリークラブ,0598-29-2911,
ミライユ（ドライバー）,株式会社防長トラベル,0000000,
ミライユ（ドライバー）,桔梗が丘ゴルフコース,0595680341,
ミライユ（ドライバー）,近畿車輛株式会社,06-6746-5222,
ミライユ（ドライバー）,近畿日本ツーリスト株式会社,03-5325-8517,
ミライユ（ドライバー）,近鉄ケーブルネットワーク株式会社,（0743）75-5511,
ミライユ（ドライバー）,近鉄スマイルライフ株式会社,06-6732-7101,
ミライユ（ドライバー）,近鉄ベンチャーパートナーズ株式会社,06-6775-3647,
ミライユ（ドライバー）,近鉄レジャークリエイト株式会社,0000000,
ミライユ（ドライバー）,近鉄軌道エンジニアリング株式会社,06-6764-5110,
ミライユ（ドライバー）,近鉄賢島カンツリークラブ,0599431082,
ミライユ（ドライバー）,近鉄車両エンジニアリング株式会社,(06) 6711-0553,
ミライユ（ドライバー）,近鉄情報システム株式会社,06-6775-3400,
ミライユ（ドライバー）,近鉄造園土木株式会社,0742-93-8577,
ミライユ（ドライバー）,近鉄電気エンジニアリング株式会社,06-6767-5701,
ミライユ（ドライバー）,近鉄不動産株式会社,06-6776-3001,
ミライユ（ドライバー）,近鉄不動産株式会社 アセット事業本部ハルカス事業部,06-4399-9080,
ミライユ（ドライバー）,近鉄不動産株式会社 首都圏事業本部,03-3271-2481,
ミライユ（ドライバー）,近鉄保険サービス株式会社,06-6763-4330,
ミライユ（ドライバー）,賢島宝生苑,0599-43-3111,
ミライユ（ドライバー）,三交ウェルフェア株式会社,059-226-5535,
ミライユ（ドライバー）,三交興業株式会社,0595-97-8555,
ミライユ（ドライバー）,三交不動産株式会社,059-227-5111,
ミライユ（ドライバー）,三交不動産株式会社 大阪支店,06-6344-0260,
ミライユ（ドライバー）,三交不動産株式会社 中部支店東京営業部,03-3274-1777,
ミライユ（ドライバー）,三重いすゞ自動車株式会社,059-227-8111,
ミライユ（ドライバー）,三重交通グループホールディングス株式会社,059-213-0351,
ミライユ（ドライバー）,四日市店,(059)353-5151,
ミライユ（ドライバー）,志摩グリーンアドベンチャー,0599-52-1141,
ミライユ（ドライバー）,志摩スペイン村,0599-57-3333,
ミライユ（ドライバー）,志摩観光ホテル,0599-43-1211,
ミライユ（ドライバー）,春日奥山 月日亭,0742-26-2021,
ミライユ（ドライバー）,上本町店,(06)6775-1111,
ミライユ（ドライバー）,信貴生駒スカイライン,0743-74-2125,
ミライユ（ドライバー）,神戸北野ホテル,078-271-3711,
ミライユ（ドライバー）,生駒山上遊園地,0000000,
ミライユ（ドライバー）,生駒店,(0743)74-5511,
ミライユ（ドライバー）,青蓮寺レークホテル,0595-63-6211,
ミライユ（ドライバー）,全日本コンサルタント株式会社,06 ( 6646 ) 0030,
ミライユ（ドライバー）,草津店,(077)564-1111,
ミライユ（ドライバー）,大阪マリオット都ホテル,06-6628-6111,
ミライユ（ドライバー）,大日本土木株式会社,058-276-1111,
ミライユ（ドライバー）,都シティ 近鉄京都駅,075-692-2111,
ミライユ（ドライバー）,都シティ 大阪天王寺,06-6628-3200,
ミライユ（ドライバー）,都シティ 大阪本町,06-6263-0385,
ミライユ（ドライバー）,都シティ 東京高輪,03-3280-4111,
ミライユ（ドライバー）,都ホテル 岐阜長良川,058-295-3100,
ミライユ（ドライバー）,都ホテル 京都八条,075-661-7111,
ミライユ（ドライバー）,都ホテル 四日市,059-352-4131,
ミライユ（ドライバー）,都ホテル 尼崎,06-6488-7777,
ミライユ（ドライバー）,都ホテル 博多,092-441-3111,
ミライユ（ドライバー）,都リゾート 奥志摩 アクアフォレスト,0599-73-0001,
ミライユ（ドライバー）,都リゾート 志摩 ベイサイドテラス,0599-43-7211,
ミライユ（ドライバー）,東大阪店,(06)6783-1111,
ミライユ（ドライバー）,奈交サービス株式会社,（0742）24－8101,
ミライユ（ドライバー）,奈交自動車整備株式会社,0742-61-6469,
ミライユ（ドライバー）,奈良店,(0742)33-1111,
ミライユ（ドライバー）,奈良 万葉若草の宿 三笠,0742-22-5471,
ミライユ（ドライバー）,萩観光ホテル,(0838)25-0211,
ミライユ（ドライバー）,箱根高原ホテル,0460-84-8595,
ミライユ（ドライバー）,飛鳥ゴルフ株式会社,0742450881,
ミライユ（ドライバー）,百楽荘,0742-45-0281,
ミライユ（ドライバー）,名古屋店,(052)582-3411,
ミライユ（ドライバー）,名阪近鉄バス株式会社,052-541-4902,
ミライユ（ドライバー）,名阪近鉄旅行株式会社,052-563-7556,
ミライユ（ドライバー）,和歌山店,(073)433-1122,
ミライユ（警備）,セバック株式会社,0299973175,
ミライユ（警備）,株式会社アウトソーシングトータルサポート,03-6384-2480,
ミライユ（警備）,株式会社静岡総合警備保障,054-204-0240,
ミライユ（警備）,株式会社KSP･WEST 関西空港事業部,072-464-7031,
ミライユ（警備）,株式会社ケイ・エス・サービス,(072)338-3845,
ミライユ（警備）,株式会社とらいろ,08091220508,
ミライユ（警備）,株式会社やまきプロパティ,03-5414-1677,
ミライユ（警備）,近鉄ファシリティーズ株式会社 中部支店,052-581-4855,
ミライユ（警備）,近鉄住宅管理株式会社,0742-23-9001,
ミライユ（警備）,阪神千代田株式会社,06-6344-6381,
ミライユ（警備）,三重交通コミュニティ株式会社,059-253-4051,
ミライユ（警備）,長野県パトロール株式会社,0267-25-5363,
ミライユ（ドライバー）,バルクホールジャパン株式会社,03-5215-2101,
ミライユ（ドライバー）,マッスル運輸サービス株式会社,045-824-8433,
ミライユ（ドライバー）,株式会社アクティブ・デュオロジ,042-764-3401,
ミライユ（ドライバー）,株式会社アザレア,044-542-3508,
ミライユ（ドライバー）,株式会社アセット,048-286-1497,
ミライユ（ドライバー）,株式会社アネックス さいたま配車センター,048-686-2330,
ミライユ（ドライバー）,株式会社アネックス 久喜配車センター,0480-26-1200,
ミライユ（ドライバー）,株式会社アネックス 熊谷配車センター,048-530-1566,
ミライユ（ドライバー）,株式会社アネックス 坂戸配車センター,049-282-7227,
ミライユ（ドライバー）,株式会社アネックス 川越配車センター,049-246-2222,
ミライユ（ドライバー）,株式会社アネックス 足立配車センター,03-6895-1710,
ミライユ（ドライバー）,株式会社アネックス 多摩配車センター,042-516-0616,
ミライユ（ドライバー）,株式会社オオクラ,03-3392-5583,
ミライユ（ドライバー）,株式会社オートグランド,03-3539-5171,
ミライユ（ドライバー）,株式会社ナカノ商会 柏支店,047-401-1949,
ミライユ（ドライバー）,日清物流株式会社,045-757-5371,
ミライユ（ドライバー）,ニュートン株式会社,03-5727-8836,
ミライユ（ドライバー）,花王株式会社 岩槻ロジスティクスセンター,048-794-2800,
ミライユ（ドライバー）,株式会社JKトランス,044-328-6625,
ミライユ（ドライバー）,株式会社NC通商,048-260-6601,
ミライユ（ドライバー）,株式会社ウィズ,042-631-5980,
ミライユ（ドライバー）,株式会社ネキスト 野田営業所,04-7138-7200,
ミライユ（ドライバー）,株式会社ヒダロジスティックス,03-3731-1721,
ミライユ（ドライバー）,株式会社近鉄コスモス,03-5148-3570,
ミライユ（ドライバー）,株式会社近鉄ロジスティクス・システムズ,03-5755-6214,
ミライユ（ドライバー）,株式会社近鉄ロジスティクス・システムズ 宇都宮営業所,028-653-8221,
ミライユ（ドライバー）,株式会社近鉄ロジスティクス・システムズ 国立営業所,042-575-3411,
ミライユ（ドライバー）,株式会社近鉄ロジスティクス・システムズ 日立営業所,0294-29-1930,
ミライユ（ドライバー）,株式会社首都圏環境美化センター,03-3856-8144,
ミライユ（ドライバー）,株式会社仁栄,045-430-5202,
ミライユ（ドライバー）,株式会社日進梱包エンタープライズ,03-3640-5039,
ミライユ（ドライバー）,吉田海運株式会社,0956-34-2205,
ミライユ（ドライバー）,近畿配送サービス株式会社,072-922-6300,
ミライユ（ドライバー）,小林輸送有限会社,048-857-2340,
ミライユ（ドライバー）,奈良郵便輸送株式会社,0742-36-7151,
ミライユ（ドライバー）,有限会社タイガーサービス,03-3427-3489,
ミライユ（ドライバー）,三重県観光開発株式会社,059-226-6752,
ミライユ（ドライバー）,三重交通商事株式会社,059-228-8101,
ミライユ（ドライバー）,鳥羽シーサイドホテル株式会社,0599-25-5151,
ミライユ（ドライバー）,奈良交通株式会社,072-452-4101,