Industry,Normalized,Company,ID,TEL
VIETA（飲食）,SORAGROUP,株式会社SORA GROUP,754736,052-938-9991
VIETA（飲食）,SORAGROUP,株式会社SORAGROUP,809224,052-938-9991
VIETA（飲食）,MammaMia,株式会社MammaMia,754738,052-734-2145
VIETA（飲食）,MammaMia,株式会社MammaMia,832484,052-734-2145
VIETA（飲食）,セントラルホールディングス株式会社,セントラルホールディングス 株式会社,754741,052-912-0298
VIETA（飲食）,セントラルホールディングス株式会社,セントラルホールディングス株式会社,789838,052-912-0298
VIETA（飲食）,フードリンク,株式会社フードリンク,754752,052-433-3307
VIETA（飲食）,フードリンク,株式会社フードリンク,789837,052-433-3307
VIETA（飲食）,"",,754755,0532-54-1089
VIETA（飲食）,"",,754757,0568-29-0151
VIETA（飲食）,"", ,789717, 
VIETA（飲食）,浜木綿,株式会社 浜木綿,754768,052-832-0005
VIETA（飲食）,浜木綿,株式会社浜木綿,900680,052-832-0005
VIETA（飲食）,日成,株式会社日成,754775,052-769-6233
VIETA（飲食）,日成,株式会社日成,789849,052-769-6233
VIETA（飲食）,日成,株式会社日成,867223,052-769-6233
VIETA（飲食）,豊箸,株式会社 豊箸,754795,0532-53-8822
VIETA（飲食）,豊箸,株式会社豊箸,809279,0532-53-8822
VIETA（飲食）,さわやか株式会社,さわやか株式会社,754942,0538-49-5311
VIETA（飲食）,さわやか株式会社,さわやか株式会社,816242,0538-31-2511
VIETA（飲食）,ネクステージ豊田東店,ネクステージ豊田東店,787960, 
VIETA（飲食）,ネクステージ豊田東店,ネクステージ豊田東店,788833, 
VIETA（飲食）,ネクステージ豊田東店,ネクステージ豊田東店,859700, 
VIETA（飲食）,ネクステージ豊田東店,ネクステージ豊田東店,884250, 
VIETA（飲食）,ネクステージクラスポ蒲郡店,ネクステージクラスポ蒲郡店,787961, 
VIETA（飲食）,ネクステージクラスポ蒲郡店,ネクステージクラスポ蒲郡店,788834, 
VIETA（飲食）,ネクステージ豊橋店,ネクステージ豊橋店,787964, 
VIETA（飲食）,ネクステージ豊橋店,ネクステージ豊橋店,788837, 
VIETA（飲食）,あんしんネットあいち,株式会社あんしんネットあいち,787965, 
VIETA（飲食）,あんしんネットあいち,株式会社あんしんネットあいち,788838, 
VIETA（飲食）,ネクステージ岡崎美合店,ネクステージ岡崎美合店,787966, 
VIETA（飲食）,ネクステージ岡崎美合店,ネクステージ岡崎美合店,788839, 
VIETA（飲食）,ネクステージ一宮インター店,ネクステージ一宮インター店,787967, 
VIETA（飲食）,ネクステージ一宮インター店,ネクステージ一宮インター店,788840, 
VIETA（飲食）,ネクステージ名古屋茶屋店,ネクステージ名古屋茶屋店,787968, 
VIETA（飲食）,ネクステージ名古屋茶屋店,ネクステージ名古屋茶屋店,788841, 
VIETA（飲食）,ネクステージ東浦店,ネクステージ東浦店,787970, 
VIETA（飲食）,ネクステージ東浦店,ネクステージ東浦店,788843, 
VIETA（飲食）,ネクステージ豊川店,ネクステージ豊川店,787974, 
VIETA（飲食）,ネクステージ豊川店,ネクステージ豊川店,788847, 
VIETA（飲食）,ネクステージ日進竹の山店,ネクステージ日進竹の山店,787975, 
VIETA（飲食）,ネクステージ日進竹の山店,ネクステージ日進竹の山店,788848, 
VIETA（飲食）,タイガアソシエイツ,株式会社タイガアソシエイツ,787987,
VIETA（飲食）,タイガアソシエイツ,株式会社タイガアソシエイツ,788860,
VIETA（飲食）,ニッカホーム株式会社,ニッカホーム株式会社,787990,
VIETA（飲食）,ニッカホーム株式会社,ニッカホーム株式会社,788863,
VIETA（飲食）,ホシザキ東海株式会社,ホシザキ東海株式会社,787999,
VIETA（飲食）,ホシザキ東海株式会社,ホシザキ東海株式会社,788872,
VIETA（飲食）,シグマロジスティクス株式会社／RS東海,シグマロジスティクス株式会社／RS東海,788011, 
VIETA（飲食）,シグマロジスティクス株式会社／RS東海,シグマロジスティクス株式会社／RS東海,788884, 
VIETA（飲食）,Enazeal株式会社,Enazeal株式会社,788016,
VIETA（飲食）,Enazeal株式会社,Enazeal株式会社,788889,
VIETA（飲食）,NOVAホールディングス株式会社,NOVAホールディングス株式会社,788020,
VIETA（飲食）,NOVAホールディングス株式会社,NOVAホールディングス株式会社,788893,
VIETA（飲食）,アルマインベスト,株式会社アルマインベスト,788025, 
VIETA（飲食）,アルマインベスト,株式会社アルマインベスト,788898, 
VIETA（飲食）,NOVAホールディングス株式会社こども事業,NOVAホールディングス株式会社こども事業,788044, 
VIETA（飲食）,NOVAホールディングス株式会社こども事業,NOVAホールディングス株式会社こども事業,788917, 
VIETA（飲食）,UTコネクト株式会社東海北陸AU,UTコネクト株式会社東海北陸AU,788045, 
VIETA（飲食）,UTコネクト株式会社東海北陸AU,UTコネクト株式会社東海北陸AU,788918, 
VIETA（飲食）,ジェイライズ,株式会社ジェイライズ,788055,
VIETA（飲食）,ジェイライズ,株式会社ジェイライズ,788928,
VIETA（飲食）,DoNext,株式会社DoNext,788062, 
VIETA（飲食）,DoNext,株式会社DoNext,788935, 
VIETA（飲食）,みたき総合病院,みたき総合病院,788067,
VIETA（飲食）,みたき総合病院,みたき総合病院,788940,
VIETA（飲食）,アコーディア・ゴルフ,アコーディア・ゴルフ,788072, 
VIETA（飲食）,アコーディア・ゴルフ,アコーディア・ゴルフ,788945, 
VIETA（飲食）,ホテルみち潮,有限会社ホテルみち潮,788073,
VIETA（飲食）,ホテルみち潮,有限会社ホテルみち潮,788946,
VIETA（飲食）,ニッコー採用本部,株式会社ニッコー採用本部,788077, 
VIETA（飲食）,ニッコー採用本部,株式会社ニッコー採用本部,788950, 
VIETA（飲食）,個室料理伊酒勢肴みつば,個室料理伊酒勢肴みつば,788084,
VIETA（飲食）,個室料理伊酒勢肴みつば,個室料理伊酒勢肴みつば,788957,
VIETA（飲食）,モノ・ループ株式会社,モノ・ループ株式会社,788090,
VIETA（飲食）,モノ・ループ株式会社,モノ・ループ株式会社,788963,
VIETA（飲食）,キラット松阪三雲店,キラット松阪三雲店,788095,
VIETA（飲食）,キラット松阪三雲店,キラット松阪三雲店,788968,
VIETA（飲食）,アスカクリエート名古屋支店,株式会社アスカクリエート名古屋支店,788106, 
VIETA（飲食）,アスカクリエート名古屋支店,株式会社アスカクリエート名古屋支店,788979, 
VIETA（飲食）,紙広,株式会社紙広,788111,
VIETA（飲食）,紙広,株式会社紙広,788984,
VIETA（飲食）,TFR,株式会社TFR,788118,
VIETA（飲食）,TFR,株式会社TFR,788991,
VIETA（飲食）,OneLeft,株式会社OneLeft,788122, 
VIETA（飲食）,OneLeft,株式会社OneLeft,788995, 
VIETA（飲食）,ラーメン横綱松阪店,ラーメン横綱松阪店,788125,
VIETA（飲食）,ラーメン横綱松阪店,ラーメン横綱松阪店,788998,
VIETA（飲食）,カーブスサンシパーク桑名店,カーブスサンシパーク桑名店,788131,
VIETA（飲食）,カーブスサンシパーク桑名店,カーブスサンシパーク桑名店,789004,
VIETA（飲食）,カーブスイオン大安店,カーブスイオン大安店,788132,
VIETA（飲食）,カーブスイオン大安店,カーブスイオン大安店,789005,
VIETA（飲食）,カーブスイオンタウン四日市泊店,カーブスイオンタウン四日市泊店,788133,
VIETA（飲食）,カーブスイオンタウン四日市泊店,カーブスイオンタウン四日市泊店,789006,
VIETA（飲食）,カーブスアピタ桑名店,カーブスアピタ桑名店,788134,
VIETA（飲食）,カーブスアピタ桑名店,カーブスアピタ桑名店,789007,
VIETA（飲食）,カーブス四日市日永カヨー店,カーブス四日市日永カヨー店,788135,
VIETA（飲食）,カーブス四日市日永カヨー店,カーブス四日市日永カヨー店,789008,
VIETA（飲食）,カーブスオークワみえ朝日インター店,カーブスオークワみえ朝日インター店,788136,
VIETA（飲食）,カーブスオークワみえ朝日インター店,カーブスオークワみえ朝日インター店,789009,
VIETA（飲食）,扇屋東日本扇屋西日本,株式会社扇屋東日本扇屋西日本,788137, 
VIETA（飲食）,扇屋東日本扇屋西日本,株式会社扇屋東日本扇屋西日本,789010, 
VIETA（飲食）,プラスナビクック,プラスナビクック,788146, 
VIETA（飲食）,プラスナビクック,プラスナビクック,789019, 
VIETA（飲食）,木曽路各務原店,株式会社木曽路各務原店,788147, 
VIETA（飲食）,木曽路各務原店,株式会社木曽路各務原店,789020, 
VIETA（飲食）,木曽路大垣店,株式会社木曽路大垣店,788148, 
VIETA（飲食）,木曽路大垣店,株式会社木曽路大垣店,789021, 
VIETA（飲食）,桔梗屋,株式会社桔梗屋,788153,
VIETA（飲食）,桔梗屋,株式会社桔梗屋,789026,
VIETA（飲食）,カラオケJOYJOY岐阜関店,カラオケJOYJOY岐阜関店,788154, 
VIETA（飲食）,カラオケJOYJOY岐阜関店,カラオケJOYJOY岐阜関店,789027, 
VIETA（飲食）,平野総合病院,平野総合病院,788158,
VIETA（飲食）,平野総合病院,平野総合病院,789031,
VIETA（飲食）,キラットイオンモール土岐店,キラットイオンモール土岐店,788170,
VIETA（飲食）,キラットイオンモール土岐店,キラットイオンモール土岐店,789043,
VIETA（飲食）,アオキーズ・ピザ,アオキーズ・ピザ,788172, 
VIETA（飲食）,アオキーズ・ピザ,アオキーズ・ピザ,789045, 
VIETA（飲食）,NX日本通運中部ブロックグループ,NX日本通運中部ブロックグループ,788176, 
VIETA（飲食）,NX日本通運中部ブロックグループ,NX日本通運中部ブロックグループ,789049, 
VIETA（飲食）,神美,株式会社神美,788177,
VIETA（飲食）,神美,株式会社神美,789050,
VIETA（飲食）,HEARTBREADANTIQUEなど,HEARTBREADANTIQUEなど,788178, 
VIETA（飲食）,HEARTBREADANTIQUEなど,HEARTBREADANTIQUEなど,789051, 
VIETA（飲食）,アブ・デザイン,有限会社アブ・デザイン,788188,
VIETA（飲食）,アブ・デザイン,有限会社アブ・デザイン,789061,
VIETA（飲食）,OGIYAGROUP恵那店,OGIYAGROUP恵那店,788193, 
VIETA（飲食）,OGIYAGROUP恵那店,OGIYAGROUP恵那店,789066, 
VIETA（飲食）,OGIYAGROUP本巣店,OGIYAGROUP本巣店,788194, 
VIETA（飲食）,OGIYAGROUP本巣店,OGIYAGROUP本巣店,789067, 
VIETA（飲食）,EYJ求人受付窓口,合同会社EYJ求人受付窓口,788206,
VIETA（飲食）,EYJ求人受付窓口,合同会社EYJ求人受付窓口,789079,
VIETA（飲食）,フェイトリアFaitriaマニュファ...,株式会社フェイトリアFaitriaマニュファ...,788207, 
VIETA（飲食）,フェイトリアFaitriaマニュファ...,株式会社フェイトリアFaitriaマニュファ...,789080, 
VIETA（飲食）,ネクスト採用課,株式会社ネクスト採用課,788209, 
VIETA（飲食）,ネクスト採用課,株式会社ネクスト採用課,789082, 
VIETA（飲食）,モンテローザフーズ,株式会社モンテローザフーズ,788213, 
VIETA（飲食）,モンテローザフーズ,株式会社モンテローザフーズ,789086, 
VIETA（飲食）,大垣コロナワールド,大垣コロナワールド,788215,
VIETA（飲食）,大垣コロナワールド,大垣コロナワールド,789088,
VIETA（飲食）,吉野家グループ合同募集,吉野家グループ合同募集,788217, 
VIETA（飲食）,吉野家グループ合同募集,吉野家グループ合同募集,789090, 
VIETA（飲食）,一円相,一円相,788234,
VIETA（飲食）,一円相,一円相,789107,
VIETA（飲食）,カーブスイオンモール四日市北店,カーブスイオンモール四日市北店,788235,
VIETA（飲食）,カーブスイオンモール四日市北店,カーブスイオンモール四日市北店,789108,
VIETA（飲食）,カーブスサンシ菰野店,カーブスサンシ菰野店,788236,
VIETA（飲食）,カーブスサンシ菰野店,カーブスサンシ菰野店,789109,
VIETA（飲食）,カーブスイオンモール桑名店,カーブスイオンモール桑名店,788237,
VIETA（飲食）,カーブスイオンモール桑名店,カーブスイオンモール桑名店,789110,
VIETA（飲食）,ニューキャピタルゴルフ倶楽部,ニューキャピタルゴルフ倶楽部,788239, 
VIETA（飲食）,ニューキャピタルゴルフ倶楽部,ニューキャピタルゴルフ倶楽部,789112, 
VIETA（飲食）,カーブスオークワ養老店,カーブスオークワ養老店,788242,
VIETA（飲食）,カーブスオークワ養老店,カーブスオークワ養老店,789115,
VIETA（飲食）,ネクステージ春日井セダン・スポーツ専門店,ネクステージ春日井セダン・スポーツ専門店,788248, 
VIETA（飲食）,ネクステージ春日井セダン・スポーツ専門店,ネクステージ春日井セダン・スポーツ専門店,789121, 
VIETA（飲食）,ファミリアホームサービス株式会社,ファミリアホームサービス株式会社,788251,
VIETA（飲食）,ファミリアホームサービス株式会社,ファミリアホームサービス株式会社,789124,
VIETA（飲食）,ランドローバー岡崎,ランドローバー岡崎,788253, 
VIETA（飲食）,ランドローバー岡崎,ランドローバー岡崎,789126, 
VIETA（飲食）,転職サービスJobuddy,転職サービスJobuddy,788259, 
VIETA（飲食）,転職サービスJobuddy,転職サービスJobuddy,789132, 
VIETA（飲食）,名駅店,名駅店,788261, 
VIETA（飲食）,名駅店,名駅店,789134, 
VIETA（飲食）,一般財団法人日本食品検査,一般財団法人日本食品検査,788262, 
VIETA（飲食）,一般財団法人日本食品検査,一般財団法人日本食品検査,789135, 
VIETA（飲食）,焼鳥しろうほぼ栄駅一番出口のれん街店,焼鳥しろうほぼ栄駅一番出口のれん街店,788265, 
VIETA（飲食）,焼鳥しろうほぼ栄駅一番出口のれん街店,焼鳥しろうほぼ栄駅一番出口のれん街店,789138, 
VIETA（飲食）,ジャパンネット,株式会社ジャパンネット,788288,
VIETA（飲食）,ジャパンネット,株式会社ジャパンネット,789161,
VIETA（飲食）,CareNation,CareNation,788290, 
VIETA（飲食）,CareNation,CareNation,789163, 
VIETA（飲食）,Dr.stretchイオンモール木曽川店,Dr.stretchイオンモール木曽川店,788291, 
VIETA（飲食）,Dr.stretchイオンモール木曽川店,Dr.stretchイオンモール木曽川店,789164, 
VIETA（飲食）,A-gog,株式会社A-gog,788294, 
VIETA（飲食）,A-gog,株式会社A-gog,789167, 
VIETA（飲食）,近鉄おしごとステーション,近鉄おしごとステーション,788314, 
VIETA（飲食）,近鉄おしごとステーション,近鉄おしごとステーション,789187, 
VIETA（飲食）,DiamondJobs合同会社,DiamondJobs合同会社,788323, 
VIETA（飲食）,DiamondJobs合同会社,DiamondJobs合同会社,789196, 
VIETA（飲食）,アプリコット人事部,株式会社アプリコット人事部,788325, 
VIETA（飲食）,アプリコット人事部,株式会社アプリコット人事部,789198, 
VIETA（飲食）,PB株式会社,PB株式会社,788351, 
VIETA（飲食）,PB株式会社,PB株式会社,789224, 
VIETA（飲食）,トライグループ「個別教室のトライ」,株式会社トライグループ「個別教室のトライ」,788357, 
VIETA（飲食）,トライグループ「個別教室のトライ」,株式会社トライグループ「個別教室のトライ」,789230, 
VIETA（飲食）,東海特殊,株式会社東海特殊,788359, 
VIETA（飲食）,東海特殊,株式会社東海特殊,789232, 
VIETA（飲食）,ネクステージ大垣,ネクステージ大垣,788367, 
VIETA（飲食）,ネクステージ大垣,ネクステージ大垣,789240, 
VIETA（飲食）,お好み焼き道とん堀岐阜北一色店,お好み焼き道とん堀岐阜北一色店,788372, 
VIETA（飲食）,お好み焼き道とん堀岐阜北一色店,お好み焼き道とん堀岐阜北一色店,789245, 
VIETA（飲食）,浜木綿岐阜県庁前店,浜木綿岐阜県庁前店,788374,
VIETA（飲食）,浜木綿岐阜県庁前店,浜木綿岐阜県庁前店,789247,
VIETA（飲食）,UTコネクト株式会社1,UTコネクト株式会社1,788375, 
VIETA（飲食）,UTコネクト株式会社1,UTコネクト株式会社1,789248, 
VIETA（飲食）,ネクステージ美濃加茂買取課,ネクステージ美濃加茂買取課,788377, 
VIETA（飲食）,ネクステージ美濃加茂買取課,ネクステージ美濃加茂買取課,789250, 
VIETA（飲食）,Dr.stretch大垣店,Dr.stretch大垣店,788380, 
VIETA（飲食）,Dr.stretch大垣店,Dr.stretch大垣店,789253, 
VIETA（飲食）,Dr.stretchモレラ岐阜店,Dr.stretchモレラ岐阜店,788381, 
VIETA（飲食）,Dr.stretchモレラ岐阜店,Dr.stretchモレラ岐阜店,789254, 
VIETA（飲食）,西院焼肉YUU株式会社kinoe,西院焼肉YUU株式会社kinoe,788382, 
VIETA（飲食）,西院焼肉YUU株式会社kinoe,西院焼肉YUU株式会社kinoe,789255, 
VIETA（飲食）,RIZAP株式会社,RIZAP株式会社,788384, 
VIETA（飲食）,RIZAP株式会社,RIZAP株式会社,789257, 
VIETA（飲食）,楽久屋,株式会社楽久屋,788396, 
VIETA（飲食）,楽久屋,株式会社楽久屋,789269, 
VIETA（飲食）,IMDAlliance株式会社,IMDAlliance株式会社,788397, 
VIETA（飲食）,IMDAlliance株式会社,IMDAlliance株式会社,789270, 
VIETA（飲食）,獅子茶-LIONTEA-／H'sCREAM...,獅子茶-LIONTEA-／H'sCREAM...,788399, 
VIETA（飲食）,獅子茶-LIONTEA-／H'sCREAM...,獅子茶-LIONTEA-／H'sCREAM...,789272, 
VIETA（飲食）,THEOUTLETSHIROSHIMAH'...,THEOUTLETSHIROSHIMAH'...,788402, 
VIETA（飲食）,THEOUTLETSHIROSHIMAH'...,THEOUTLETSHIROSHIMAH'...,789275, 
VIETA（飲食）,五穀岐阜美濃店,五穀岐阜美濃店,788405, 
VIETA（飲食）,五穀岐阜美濃店,五穀岐阜美濃店,789278, 
VIETA（飲食）,H&ISTAGE株式会社,H&ISTAGE株式会社,788406, 
VIETA（飲食）,H&ISTAGE株式会社,H&ISTAGE株式会社,789279, 
VIETA（飲食）,トップライジング岐阜マーサ21,株式会社トップライジング岐阜マーサ21,788407,
VIETA（飲食）,トップライジング岐阜マーサ21,株式会社トップライジング岐阜マーサ21,789280,
VIETA（飲食）,To.Bridge,株式会社To.Bridge,788408, 
VIETA（飲食）,To.Bridge,株式会社To.Bridge,789281, 
VIETA（飲食）,浜木綿可児店,浜木綿可児店,788410,
VIETA（飲食）,浜木綿可児店,浜木綿可児店,789283,
VIETA（飲食）,H'sCREAMアスティ静岡店,H'sCREAMアスティ静岡店,788411, 
VIETA（飲食）,H'sCREAMアスティ静岡店,H'sCREAMアスティ静岡店,789284, 
VIETA（飲食）,H'sCREAM横須賀店,H'sCREAM横須賀店,788412, 
VIETA（飲食）,H'sCREAM横須賀店,H'sCREAM横須賀店,789285, 
VIETA（飲食）,H&B&CMEGAドン・キホーテUNY...,株式会社H&B&CMEGAドン・キホーテUNY...,788413, 
VIETA（飲食）,H&B&CMEGAドン・キホーテUNY...,株式会社H&B&CMEGAドン・キホーテUNY...,789286, 
VIETA（飲食）,愛の家グループホーム大垣浅草,愛の家グループホーム大垣浅草,788429, 
VIETA（飲食）,愛の家グループホーム大垣浅草,愛の家グループホーム大垣浅草,789302, 
VIETA（飲食）,中央紙運輸株式会社,中央紙運輸株式会社,788435,
VIETA（飲食）,中央紙運輸株式会社,中央紙運輸株式会社,789308,
VIETA（飲食）,クスリのアオキ上市店,株式会社クスリのアオキ上市店,788446, 
VIETA（飲食）,クスリのアオキ上市店,株式会社クスリのアオキ上市店,789319, 
VIETA（飲食）,山都タクシー,山都タクシー,788462, 
VIETA（飲食）,山都タクシー,山都タクシー,789335, 
VIETA（飲食）,コバック可児店,コバック可児店,788465, 
VIETA（飲食）,コバック可児店,コバック可児店,789338, 
VIETA（飲食）,グループホーム町屋1号館,グループホーム町屋1号館,788469, 
VIETA（飲食）,グループホーム町屋1号館,グループホーム町屋1号館,789342, 
VIETA（飲食）,ゴンチャイオンモール土岐店,ゴンチャイオンモール土岐店,788472, 
VIETA（飲食）,ゴンチャイオンモール土岐店,ゴンチャイオンモール土岐店,789345, 
VIETA（飲食）,FEELCYCLE岐阜,FEELCYCLE岐阜,788476, 
VIETA（飲食）,FEELCYCLE岐阜,FEELCYCLE岐阜,789349, 
VIETA（飲食）,かねはち,有限会社かねはち,788483,
VIETA（飲食）,かねはち,有限会社かねはち,789356,
VIETA（飲食）,UTコネクト株式会社中部AU,UTコネクト株式会社中部AU,788484,
VIETA（飲食）,UTコネクト株式会社中部AU,UTコネクト株式会社中部AU,789357,
VIETA（飲食）,焼肉ライク静岡呉服町店,焼肉ライク静岡呉服町店,788491,
VIETA（飲食）,焼肉ライク静岡呉服町店,焼肉ライク静岡呉服町店,789364,
VIETA（飲食）,トップトラスト株式会社,トップトラスト株式会社,788492,
VIETA（飲食）,トップトラスト株式会社,トップトラスト株式会社,789365,
VIETA（飲食）,金刺運送株式会社,金刺運送株式会社,788512,
VIETA（飲食）,金刺運送株式会社,金刺運送株式会社,789385,
VIETA（飲食）,ジェイグループホールディングス,株式会社ジェイグループホールディングス,788532,
VIETA（飲食）,ジェイグループホールディングス,株式会社ジェイグループホールディングス,789405,
VIETA（飲食）,山晃住宅,株式会社山晃住宅,788536,
VIETA（飲食）,山晃住宅,株式会社山晃住宅,789409,
VIETA（飲食）,井上運送株式会社,井上運送株式会社,788537,
VIETA（飲食）,井上運送株式会社,井上運送株式会社,789410,
VIETA（飲食）,サンロフト,株式会社サンロフト,788540,
VIETA（飲食）,サンロフト,株式会社サンロフト,789413,
VIETA（飲食）,焼肉きんぐ小黒店,焼肉きんぐ小黒店,788558,
VIETA（飲食）,焼肉きんぐ小黒店,焼肉きんぐ小黒店,789431,
VIETA（飲食）,エヌズコーポーレーション株式会社,エヌズコーポーレーション株式会社,788565,
VIETA（飲食）,エヌズコーポーレーション株式会社,エヌズコーポーレーション株式会社,789438,
VIETA（飲食）,全日警求人サイト,株式会社全日警求人サイト,788566, 
VIETA（飲食）,全日警求人サイト,株式会社全日警求人サイト,789439, 
VIETA（飲食）,アンサンブル浜松尾野,アンサンブル浜松尾野,788579, 
VIETA（飲食）,アンサンブル浜松尾野,アンサンブル浜松尾野,789452, 
VIETA（飲食）,双和鉄筋株式会社,双和鉄筋株式会社,788585,
VIETA（飲食）,双和鉄筋株式会社,双和鉄筋株式会社,789458,
VIETA（飲食）,つばめタクシーグループひかり交通株式会社,つばめタクシーグループひかり交通株式会社,788591, 
VIETA（飲食）,つばめタクシーグループひかり交通株式会社,つばめタクシーグループひかり交通株式会社,789464, 
VIETA（飲食）,東京すし宗達,東京すし宗達,788593, 
VIETA（飲食）,東京すし宗達,東京すし宗達,789466, 
VIETA（飲食）,半蔵,株式会社半蔵,788594, 
VIETA（飲食）,半蔵,株式会社半蔵,789467, 
VIETA（飲食）,PLAGEグループ,PLAGEグループ,788600, 
VIETA（飲食）,PLAGEグループ,PLAGEグループ,789473, 
VIETA（飲食）,セキュリティスタッフ株式会社,セキュリティスタッフ株式会社,788614,
VIETA（飲食）,セキュリティスタッフ株式会社,セキュリティスタッフ株式会社,789487,
VIETA（飲食）,日本料理小西,日本料理小西,788628, 
VIETA（飲食）,日本料理小西,日本料理小西,789501, 
VIETA（飲食）,焼き手羽居酒屋かちてば,焼き手羽居酒屋かちてば,788634,
VIETA（飲食）,焼き手羽居酒屋かちてば,焼き手羽居酒屋かちてば,789507,
VIETA（飲食）,串カツ田中四日市駅前店,串カツ田中四日市駅前店,788636,
VIETA（飲食）,串カツ田中四日市駅前店,串カツ田中四日市駅前店,789509,
VIETA（飲食）,町田商店久居インター店,町田商店久居インター店,788640,
VIETA（飲食）,町田商店久居インター店,町田商店久居インター店,789513,
VIETA（飲食）,ATG製造,株式会社ATG製造,788653, 
VIETA（飲食）,ATG製造,株式会社ATG製造,789526, 
VIETA（飲食）,オートバックスグループ,オートバックスグループ,788675, 
VIETA（飲食）,オートバックスグループ,オートバックスグループ,789548, 
VIETA（飲食）,大倉ビル東海,株式会社大倉ビル東海,788676, 
VIETA（飲食）,大倉ビル東海,株式会社大倉ビル東海,789549, 
VIETA（飲食）,エス・エー・エス,有限会社エス・エー・エス,788702, 
VIETA（飲食）,エス・エー・エス,有限会社エス・エー・エス,789575, 
VIETA（飲食）,三甲ゴルフ俱楽部谷汲コース,三甲ゴルフ俱楽部谷汲コース,788707, 
VIETA（飲食）,三甲ゴルフ俱楽部谷汲コース,三甲ゴルフ俱楽部谷汲コース,789580, 
VIETA（飲食）,シンセン,株式会社シンセン,788708, 
VIETA（飲食）,シンセン,株式会社シンセン,789581, 
VIETA（飲食）,ホットヨガスタジオLAVAイオンモール大垣店,ホットヨガスタジオLAVAイオンモール大垣店,788709, 
VIETA（飲食）,ホットヨガスタジオLAVAイオンモール大垣店,ホットヨガスタジオLAVAイオンモール大垣店,789582, 
VIETA（飲食）,ホットヨガスタジオLAVA多治見店,ホットヨガスタジオLAVA多治見店,788710, 
VIETA（飲食）,ホットヨガスタジオLAVA多治見店,ホットヨガスタジオLAVA多治見店,789583, 
VIETA（飲食）,五十鈴株式会社,五十鈴株式会社,788711, 
VIETA（飲食）,五十鈴株式会社,五十鈴株式会社,789584, 
VIETA（飲食）,サービスエリア中央道恵那峡SA下り店,サービスエリア中央道恵那峡SA下り店,788713, 
VIETA（飲食）,サービスエリア中央道恵那峡SA下り店,サービスエリア中央道恵那峡SA下り店,789586, 
VIETA（飲食）,FEELCYCLE岐阜店,FEELCYCLE岐阜店,788715, 
VIETA（飲食）,FEELCYCLE岐阜店,FEELCYCLE岐阜店,789588, 
VIETA（飲食）,HANA竹屋Vタウン芥見店,株式会社HANA竹屋Vタウン芥見店,788716, 
VIETA（飲食）,HANA竹屋Vタウン芥見店,株式会社HANA竹屋Vタウン芥見店,789589, 
VIETA（飲食）,ホットヨガスタジオLAVAモレラ岐阜店,ホットヨガスタジオLAVAモレラ岐阜店,788722, 
VIETA（飲食）,ホットヨガスタジオLAVAモレラ岐阜店,ホットヨガスタジオLAVAモレラ岐阜店,789595, 
VIETA（飲食）,ワースインベストメント株式会社,ワースインベストメント株式会社,788741,
VIETA（飲食）,ワースインベストメント株式会社,ワースインベストメント株式会社,789614,
VIETA（飲食）,町田商店美濃加茂店,町田商店美濃加茂店,788743,
VIETA（飲食）,町田商店美濃加茂店,町田商店美濃加茂店,789616,
VIETA（飲食）,ブリック,株式会社ブリック,788749,
VIETA（飲食）,ブリック,株式会社ブリック,789622,
VIETA（飲食）,ユニオン株式会社,ユニオン株式会社,788763,
VIETA（飲食）,ユニオン株式会社,ユニオン株式会社,789636,
VIETA（飲食）,臼田精工,有限会社臼田精工,788776, 
VIETA（飲食）,臼田精工,有限会社臼田精工,789649, 
VIETA（飲食）,晃連,株式会社晃連,788779, 
VIETA（飲食）,晃連,株式会社晃連,789652, 
VIETA（飲食）,東海道写楽川合店,東海道写楽川合店,788782,
VIETA（飲食）,東海道写楽川合店,東海道写楽川合店,789655,
VIETA（飲食）,ブルーリンク,株式会社ブルーリンク,788785,
VIETA（飲食）,ブルーリンク,株式会社ブルーリンク,789658,
VIETA（飲食）,愛の家小規模多機能型居宅介護浜松富塚,愛の家小規模多機能型居宅介護浜松富塚,788792, 
VIETA（飲食）,愛の家小規模多機能型居宅介護浜松富塚,愛の家小規模多機能型居宅介護浜松富塚,789665, 
VIETA（飲食）,お魚総本家アスティ静岡店,お魚総本家アスティ静岡店,788809,
VIETA（飲食）,お魚総本家アスティ静岡店,お魚総本家アスティ静岡店,789682,
VIETA（飲食）,五島エレベーター,株式会社五島エレベーター,788811, 
VIETA（飲食）,五島エレベーター,株式会社五島エレベーター,789684, 
VIETA（飲食）,イントラスト,株式会社イントラスト,788822,
VIETA（飲食）,イントラスト,株式会社イントラスト,789695,
VIETA（飲食）,静岡済生会総合病院,静岡済生会総合病院,788827,
VIETA（飲食）,静岡済生会総合病院,静岡済生会総合病院,789700,
VIETA（飲食）,よろず屋,よろず屋,788830,
VIETA（飲食）,よろず屋,よろず屋,789703,
VIETA（飲食）,テンポスバスターズ,株式会社テンポスバスターズ,789709,052-569-1960
VIETA（飲食）,テンポスバスターズ,株式会社テンポスバスターズ,789713, 
VIETA（飲食）,光フードサービス株式会社,光フードサービス株式会社,789737,052-581-8090
VIETA（飲食）,光フードサービス株式会社,光フードサービス株式会社,816248,052-581-8090
VIETA（飲食）,特別養護老人ホームもりおか,特別養護老人ホームもりおか,789749, 
VIETA（飲食）,特別養護老人ホームもりおか,特別養護老人ホームもりおか,886104, 
VIETA（飲食）,長寿会特別養護老人ホームシルバーピ...,社会福祉法人長寿会特別養護老人ホームシルバーピ...,789759, 
VIETA（飲食）,長寿会特別養護老人ホームシルバーピ...,社会福祉法人長寿会特別養護老人ホームシルバーピ...,894391, 
VIETA（飲食）,長寿会特別養護老人ホームシルバーピ...,社会福祉法人長寿会特別養護老人ホームシルバーピ...,894582, 
VIETA（飲食）,長寿会特別養護老人ホームシルバーピ...,社会福祉法人長寿会特別養護老人ホームシルバーピ...,895193, 
VIETA（飲食）,ノンスタイル,株式会社ノンスタイル,789769,052-705-2577
VIETA（飲食）,ノンスタイル,株式会社ノンスタイル,882922, 
VIETA（飲食）,木曽路,株式会社木曽路,789783,052-872-1811
VIETA（飲食）,木曽路,株式会社木曽路,789816,0566-62-5515
VIETA（飲食）,木曽路,株式会社木曽路,816177,052-872-1811
VIETA（飲食）,未定1,未定1,789858, 
VIETA（飲食）,未定1,未定1,854642, 
VIETA（飲食）,アトム,株式会社アトム,789909,052-784-8400
VIETA（飲食）,アトム,株式会社アトム,900841,0562-33-3831
VIETA（飲食）,bong,株式会社bong,789915,0529310191
VIETA（飲食）,bong,株式会社bong,860200, 
VIETA（飲食）,bong,株式会社bong,861951, 
VIETA（飲食）,溜息3秒,溜息3秒,789956, 
VIETA（飲食）,溜息3秒,溜息3秒,853746, 
VIETA（飲食）,TAPETUM,株式会社TAPETUM,789964, 
VIETA（飲食）,TAPETUM,株式会社TAPETUM,860442, 
VIETA（飲食）,エフエスロジスティックス株式会社,エフエスロジスティックス株式会社,789974, 
VIETA（飲食）,エフエスロジスティックス株式会社,エフエスロジスティックス株式会社,860180, 
VIETA（飲食）,エフエスロジスティックス株式会社,エフエスロジスティックス株式会社,861931, 
VIETA（飲食）,エフエスロジスティックス株式会社,エフエスロジスティックス株式会社,891936, 
VIETA（飲食）,錦屋,株式会社錦屋,789981, 
VIETA（飲食）,錦屋,株式会社錦屋,879307, 
VIETA（飲食）,NTP名古屋トヨペット株式会社,NTP名古屋トヨペット株式会社,789995, 
VIETA（飲食）,NTP名古屋トヨペット株式会社,NTP名古屋トヨペット株式会社,860391, 
VIETA（飲食）,　サガミホールディングス,株式会社　サガミホールディングス,809244,052-737-6000
VIETA（飲食）,　サガミホールディングス,株式会社　サガミホールディングス,832082,052-737-6000
VIETA（飲食）,レアリスタ株式会社,レアリスタ株式会社,809308,052-990-3668
VIETA（飲食）,レアリスタ株式会社,レアリスタ株式会社,867389,053-454-5000
VIETA（飲食）,レアリスタ株式会社,レアリスタ株式会社,882921,0566-23-7188
VIETA（飲食）,カナダハウス,株式会社カナダハウス,809341,058-278-2123
VIETA（飲食）,カナダハウス,株式会社カナダハウス,833947,058-278-2123
VIETA（飲食）,JA協同サービス株式会社,JA協同サービス株式会社,809469,0550-82-2233
VIETA（飲食）,JA協同サービス株式会社,JA協同サービス株式会社,816215,0550-84-4850
VIETA（飲食）,TAKI,株式会社TAKI,809471,055-836-3713
VIETA（飲食）,TAKI,株式会社TAKI,816217,05-5836-3713
VIETA（飲食）,福一漁業株式会社,福一漁業株式会社,809544,054-627-1215
VIETA（飲食）,福一漁業株式会社,福一漁業株式会社,867404,054-627-1215
VIETA（飲食）,ラ・ヴェレゾン,株式会社ラ・ヴェレゾン,816174,052-218-6738
VIETA（飲食）,ラ・ヴェレゾン,株式会社ラ・ヴェレゾン,860459, 
VIETA（飲食）,港屋珈琲,株式会社 港屋珈琲,816193,059-392-7258
VIETA（飲食）,港屋珈琲,株式会社港屋珈琲,832178,059-392-7258
VIETA（飲食）,楽,株式会社 楽,816205,058-338-5699
VIETA（飲食）,楽,株式会社楽,853481, 
VIETA（飲食）,楽,株式会社楽,853664, 
VIETA（飲食）,伊藤商会,株式会社 伊藤商会,816213,0572-22-4335
VIETA（飲食）,伊藤商会,株式会社伊藤商会,853492, 
VIETA（飲食）,伊藤商会,株式会社伊藤商会,853675, 
VIETA（飲食）,アフェクトホールディングス,株式会社アフェクトホールディングス,816261,052-962-0966
VIETA（飲食）,アフェクトホールディングス,株式会社アフェクトホールディングス,867230,052-962-0966
VIETA（飲食）,日商飲食部門,株式会社日商飲食部門,832175,059-584-2424
VIETA（飲食）,日商飲食部門,株式会社日商飲食部門,884875, 
VIETA（飲食）,いいとも,株式会社いいとも,853396,059-826-2600
VIETA（飲食）,いいとも,株式会社いいとも,853579, 
VIETA（飲食）,あさくま,株式会社あさくま,853401,052-800-7781
VIETA（飲食）,あさくま,株式会社あさくま,853584, 
VIETA（飲食）,剛strong／剛ノ家,株式会社剛strong／剛ノ家,853403,053-237-9158
VIETA（飲食）,剛strong／剛ノ家,株式会社剛strong／剛ノ家,853586, 
VIETA（飲食）,Ace,株式会社Ace,853406,052-733-2322
VIETA（飲食）,Ace,株式会社Ace,853589, 
VIETA（飲食）,イフスコダイニング株式会社,イフスコダイニング株式会社,853407,052-221-6111
VIETA（飲食）,イフスコダイニング株式会社,イフスコダイニング株式会社,853590, 
VIETA（飲食）,ヒューマンディレクト,株式会社ヒューマンディレクト,853408,058-647-7898
VIETA（飲食）,ヒューマンディレクト,株式会社ヒューマンディレクト,853591, 
VIETA（飲食）,米乃家byアイ・メディカ,株式会社米乃家byアイ・メディカ,853409,052-733-7880
VIETA（飲食）,米乃家byアイ・メディカ,株式会社米乃家byアイ・メディカ,853592, 
VIETA（飲食）,BeFree,株式会社BeFree,853413,03-6427-0871
VIETA（飲食）,BeFree,株式会社BeFree,853596, 
VIETA（飲食）,BeFree,株式会社BeFree,860413, 
VIETA（飲食）,A-Trus,株式会社A-Trus,853414,052-875-7180
VIETA（飲食）,A-Trus,株式会社A-Trus,853597, 
VIETA（飲食）,ワンダフルハーツ株式会社,ワンダフルハーツ株式会社,853415,0526027201
VIETA（飲食）,ワンダフルハーツ株式会社,ワンダフルハーツ株式会社,853598, 
VIETA（飲食）,ビッグクリエイト株式会社,ビッグクリエイト株式会社,853416,03-6712-2023
VIETA（飲食）,ビッグクリエイト株式会社,ビッグクリエイト株式会社,853599, 
VIETA（飲食）,ランチタイムバケーション,株式会社ランチタイムバケーション,853417,052-652-5601
VIETA（飲食）,ランチタイムバケーション,株式会社ランチタイムバケーション,853600, 
VIETA（飲食）,ABSホールディングス株式会社,ABSホールディングス株式会社,853418,053-543-5680
VIETA（飲食）,ABSホールディングス株式会社,ABSホールディングス株式会社,853601, 
VIETA（飲食）,日本商業施設株式会社,日本商業施設株式会社,853419,03-5667-7421
VIETA（飲食）,日本商業施設株式会社,日本商業施設株式会社,853602, 
VIETA（飲食）,穂波,株式会社穂波,853420,0528211187
VIETA（飲食）,穂波,株式会社穂波,853603, 
VIETA（飲食）,ファクト串かつでんがな名古屋テレビ塔...,株式会社ファクト串かつでんがな名古屋テレビ塔...,853424,050-5593-1376
VIETA（飲食）,ファクト串かつでんがな名古屋テレビ塔...,株式会社ファクト串かつでんがな名古屋テレビ塔...,853607, 
VIETA（飲食）,idiot,株式会社idiot,853425,052-201-1180
VIETA（飲食）,idiot,株式会社idiot,853608, 
VIETA（飲食）,Fine-1,株式会社Fine-1,853429,058-275-3055
VIETA（飲食）,Fine-1,株式会社Fine-1,853612, 
VIETA（飲食）,グリーンハウスフーズ,株式会社グリーンハウスフーズ,853432, 
VIETA（飲食）,グリーンハウスフーズ,株式会社グリーンハウスフーズ,853615, 
VIETA（飲食）,グリーンハウスフーズ,株式会社グリーンハウスフーズ,900683,0532-56-5765
VIETA（飲食）,APPRECIATION&GROWTH,株式会社APPRECIATION&GROWTH,853441, 
VIETA（飲食）,APPRECIATION&GROWTH,株式会社APPRECIATION&GROWTH,853624, 
VIETA（飲食）,アイワ外装,株式会社アイワ外装,853442, 
VIETA（飲食）,アイワ外装,株式会社アイワ外装,853625, 
VIETA（飲食）,アイワ外装,株式会社アイワ外装,860273, 
VIETA（飲食）,JECCAグループ,株式会社JECCAグループ,853443,052-757-5737
VIETA（飲食）,JECCAグループ,株式会社JECCAグループ,853626, 
VIETA（飲食）,JECCAグループ,株式会社JECCAグループ,854595, 
VIETA（飲食）,エスプールセールスサポート,株式会社エスプールセールスサポート,853444, 
VIETA（飲食）,エスプールセールスサポート,株式会社エスプールセールスサポート,853627, 
VIETA（飲食）,ジェイプロジェクト個室焼肉頂,株式会社ジェイプロジェクト個室焼肉頂,853445, 
VIETA（飲食）,ジェイプロジェクト個室焼肉頂,株式会社ジェイプロジェクト個室焼肉頂,853628, 
VIETA（飲食）,LEOCスマイルプラザ,株式会社LEOCスマイルプラザ,853446, 
VIETA（飲食）,LEOCスマイルプラザ,株式会社LEOCスマイルプラザ,853629, 
VIETA（飲食）,未来堂,株式会社未来堂,853447, 
VIETA（飲食）,未来堂,株式会社未来堂,853630, 
VIETA（飲食）,高末株式会社,高末株式会社,853448, 
VIETA（飲食）,高末株式会社,高末株式会社,853631, 
VIETA（飲食）,ヨシックスフーズや台ずし車道町,株式会社ヨシックスフーズや台ずし車道町,853449, 
VIETA（飲食）,ヨシックスフーズや台ずし車道町,株式会社ヨシックスフーズや台ずし車道町,853632, 
VIETA（飲食）,ヨシックスフーズや台ずし車道町,株式会社ヨシックスフーズや台ずし車道町,853831, 
VIETA（飲食）,ジェイグループホールディングスBACC...,株式会社ジェイグループホールディングスBACC...,853450, 
VIETA（飲食）,ジェイグループホールディングスBACC...,株式会社ジェイグループホールディングスBACC...,853633, 
VIETA（飲食）,中部資材株式会社,中部資材株式会社,853451, 
VIETA（飲食）,中部資材株式会社,中部資材株式会社,853634, 
VIETA（飲食）,ホシザキ株式会社,ホシザキ株式会社,853453, 
VIETA（飲食）,ホシザキ株式会社,ホシザキ株式会社,853636, 
VIETA（飲食）,ギフト,株式会社ギフト,853454, 
VIETA（飲食）,ギフト,株式会社ギフト,853637, 
VIETA（飲食）,石黒商事株式会社,石黒商事株式会社,853455, 
VIETA（飲食）,石黒商事株式会社,石黒商事株式会社,853638, 
VIETA（飲食）,雇用先:株式会社米乃家,雇用先:株式会社米乃家,853456, 
VIETA（飲食）,雇用先:株式会社米乃家,雇用先:株式会社米乃家,853639, 
VIETA（飲食）,1up,株式会社1up,853457, 
VIETA（飲食）,1up,株式会社1up,853640, 
VIETA（飲食）,アートネイチャー,株式会社アートネイチャー,853458, 
VIETA（飲食）,アートネイチャー,株式会社アートネイチャー,853641, 
VIETA（飲食）,ダイワフーヅ株式会社,ダイワフーヅ株式会社,853459, 
VIETA（飲食）,ダイワフーヅ株式会社,ダイワフーヅ株式会社,853642, 
VIETA（飲食）,Phoenix,株式会社Phoenix,853460, 
VIETA（飲食）,Phoenix,株式会社Phoenix,853643, 
VIETA（飲食）,テクノス,株式会社テクノス,853461, 
VIETA（飲食）,テクノス,株式会社テクノス,853644, 
VIETA（飲食）,ゆずり葉,株式会社ゆずり葉,853462, 
VIETA（飲食）,ゆずり葉,株式会社ゆずり葉,853645, 
VIETA（飲食）,岳,株式会社岳,853463, 
VIETA（飲食）,岳,株式会社岳,853646, 
VIETA（飲食）,ヨシックスフーズや台ずし岐阜金園町,株式会社ヨシックスフーズや台ずし岐阜金園町,853464, 
VIETA（飲食）,ヨシックスフーズや台ずし岐阜金園町,株式会社ヨシックスフーズや台ずし岐阜金園町,853647, 
VIETA（飲食）,サトフードサービス株式会社和食さと岐阜城東通店,サトフードサービス株式会社和食さと岐阜城東通店,853465, 
VIETA（飲食）,サトフードサービス株式会社和食さと岐阜城東通店,サトフードサービス株式会社和食さと岐阜城東通店,853648, 
VIETA（飲食）,サンワーク,株式会社サンワーク,853466, 
VIETA（飲食）,サンワーク,株式会社サンワーク,853649, 
VIETA（飲食）,ジョイフル,株式会社ジョイフル,853467, 
VIETA（飲食）,ジョイフル,株式会社ジョイフル,853650, 
VIETA（飲食）,ルピシアグルマン,株式会社ルピシアグルマン,853468, 
VIETA（飲食）,ルピシアグルマン,株式会社ルピシアグルマン,853651, 
VIETA（飲食）,ルピシアグルマン,株式会社ルピシアグルマン,853824, 
VIETA（飲食）,日本オプティカル,株式会社日本オプティカル,853469, 
VIETA（飲食）,日本オプティカル,株式会社日本オプティカル,853652, 
VIETA（飲食）,LadyBird,株式会社LadyBird,853470, 
VIETA（飲食）,LadyBird,株式会社LadyBird,853653, 
VIETA（飲食）,ATG,株式会社ATG,853471, 
VIETA（飲食）,ATG,株式会社ATG,853654, 
VIETA（飲食）,誠進堂,株式会社誠進堂,853472, 
VIETA（飲食）,誠進堂,株式会社誠進堂,853655, 
VIETA（飲食）,ラン,株式会社ラン,853473, 
VIETA（飲食）,ラン,株式会社ラン,853656, 
VIETA（飲食）,ATG岐阜エリア採用,株式会社ATG岐阜エリア採用,853474, 
VIETA（飲食）,ATG岐阜エリア採用,株式会社ATG岐阜エリア採用,853657, 
VIETA（飲食）,ATG岐阜エリア採用,株式会社ATG岐阜エリア採用,855680, 
VIETA（飲食）,ATG岐阜エリア採用,株式会社ATG岐阜エリア採用,883162, 
VIETA（飲食）,オルザ,株式会社オルザ,853475, 
VIETA（飲食）,オルザ,株式会社オルザ,853658, 
VIETA（飲食）,Angelos,株式会社Angelos,853476, 
VIETA（飲食）,Angelos,株式会社Angelos,853659, 
VIETA（飲食）,エヌビーエル株式会社,エヌビーエル株式会社,853477, 
VIETA（飲食）,エヌビーエル株式会社,エヌビーエル株式会社,853660, 
VIETA（飲食）,タカオ,株式会社タカオ,853478, 
VIETA（飲食）,タカオ,株式会社タカオ,853661, 
VIETA（飲食）,旭千代田工業株式会社,旭千代田工業株式会社,853479, 
VIETA（飲食）,旭千代田工業株式会社,旭千代田工業株式会社,853662, 
VIETA（飲食）,テクノスマイル,株式会社テクノスマイル,853480, 
VIETA（飲食）,テクノスマイル,株式会社テクノスマイル,853663, 
VIETA（飲食）,佐橋工業株式会社,佐橋工業株式会社,853482, 
VIETA（飲食）,佐橋工業株式会社,佐橋工業株式会社,853665, 
VIETA（飲食）,アワサカ,株式会社アワサカ,853483, 
VIETA（飲食）,アワサカ,株式会社アワサカ,853666, 
VIETA（飲食）,sgoal,株式会社sgoal,853484, 
VIETA（飲食）,sgoal,株式会社sgoal,853667, 
VIETA（飲食）,SEGNAHC,株式会社SEGNAHC,853485, 
VIETA（飲食）,SEGNAHC,株式会社SEGNAHC,853668, 
VIETA（飲食）,TRY&TRUST,株式会社TRY&TRUST,853486, 
VIETA（飲食）,TRY&TRUST,株式会社TRY&TRUST,853669, 
VIETA（飲食）,エイトゼロ,株式会社エイトゼロ,853487, 
VIETA（飲食）,エイトゼロ,株式会社エイトゼロ,853670, 
VIETA（飲食）,2りんかんイエローハット,株式会社2りんかんイエローハット,853488, 
VIETA（飲食）,2りんかんイエローハット,株式会社2りんかんイエローハット,853671, 
VIETA（飲食）,買取王国,株式会社買取王国,853489, 
VIETA（飲食）,買取王国,株式会社買取王国,853672, 
VIETA（飲食）,モンテローザ,株式会社モンテローザ,853490, 
VIETA（飲食）,モンテローザ,株式会社モンテローザ,853673, 
VIETA（飲食）,喜久家,株式会社喜久家,853491, 
VIETA（飲食）,喜久家,株式会社喜久家,853674, 
VIETA（飲食）,千代田観光株式会社,千代田観光株式会社,853493, 
VIETA（飲食）,千代田観光株式会社,千代田観光株式会社,853676, 
VIETA（飲食）,キタカタ,株式会社キタカタ,853494, 
VIETA（飲食）,キタカタ,株式会社キタカタ,853677, 
VIETA（飲食）,オアシスパーク,株式会社オアシスパーク,853495, 
VIETA（飲食）,オアシスパーク,株式会社オアシスパーク,853678, 
VIETA（飲食）,ブロンコビリー,株式会社ブロンコビリー,853496, 
VIETA（飲食）,ブロンコビリー,株式会社ブロンコビリー,853679, 
VIETA（飲食）,名古屋食糧,株式会社名古屋食糧,853497, 
VIETA（飲食）,名古屋食糧,株式会社名古屋食糧,853680, 
VIETA（飲食）,LITALICO,株式会社LITALICO,853498, 
VIETA（飲食）,LITALICO,株式会社LITALICO,853681, 
VIETA（飲食）,トヨタエンタプライズ,株式会社トヨタエンタプライズ,853499, 
VIETA（飲食）,トヨタエンタプライズ,株式会社トヨタエンタプライズ,853682, 
VIETA（飲食）,文化シヤッターサービス株式会社,文化シヤッターサービス株式会社,853500, 
VIETA（飲食）,文化シヤッターサービス株式会社,文化シヤッターサービス株式会社,853683, 
VIETA（飲食）,セブン&アイ・フードシステムズ,株式会社セブン&アイ・フードシステムズ,853501, 
VIETA（飲食）,セブン&アイ・フードシステムズ,株式会社セブン&アイ・フードシステムズ,853684, 
VIETA（飲食）,雇用先:株式会社リトパコーポレーション応募受付...,雇用先:株式会社リトパコーポレーション応募受付...,853502, 
VIETA（飲食）,雇用先:株式会社リトパコーポレーション応募受付...,雇用先:株式会社リトパコーポレーション応募受付...,853685, 
VIETA（飲食）,グリーンヘルスケアサービス特養さはら苑,株式会社グリーンヘルスケアサービス特養さはら苑,853503, 
VIETA（飲食）,グリーンヘルスケアサービス特養さはら苑,株式会社グリーンヘルスケアサービス特養さはら苑,853686, 
VIETA（飲食）,名豊興運株式会社,名豊興運株式会社,853504, 
VIETA（飲食）,名豊興運株式会社,名豊興運株式会社,853687, 
VIETA（飲食）,LANDMARK神奈川支部,株式会社LANDMARK神奈川支部,853505, 
VIETA（飲食）,LANDMARK神奈川支部,株式会社LANDMARK神奈川支部,853688, 
VIETA（飲食）,F’ssupport,株式会社F’ssupport,853506, 
VIETA（飲食）,F’ssupport,株式会社F’ssupport,853689, 
VIETA（飲食）,LAVAInternational,株式会社LAVAInternational,853507, 
VIETA（飲食）,LAVAInternational,株式会社LAVAInternational,853690, 
VIETA（飲食）,雇用先:株式会社米乃家応募窓口:アイ・メディカ...,雇用先:株式会社米乃家応募窓口:アイ・メディカ...,853508, 
VIETA（飲食）,雇用先:株式会社米乃家応募窓口:アイ・メディカ...,雇用先:株式会社米乃家応募窓口:アイ・メディカ...,853691, 
VIETA（飲食）,MKG,株式会社MKG,853509, 
VIETA（飲食）,MKG,株式会社MKG,853692, 
VIETA（飲食）,船谷ホールディングス株式会社,船谷ホールディングス株式会社,853510, 
VIETA（飲食）,船谷ホールディングス株式会社,船谷ホールディングス株式会社,853693, 
VIETA（飲食）,トゥー・ワンプロモーション,株式会社トゥー・ワンプロモーション,853511, 
VIETA（飲食）,トゥー・ワンプロモーション,株式会社トゥー・ワンプロモーション,853694, 
VIETA（飲食）,ホットスタッフ伊賀,株式会社ホットスタッフ伊賀,853512, 
VIETA（飲食）,ホットスタッフ伊賀,株式会社ホットスタッフ伊賀,853695, 
VIETA（飲食）,鈴鹿,株式会社鈴鹿,853513, 
VIETA（飲食）,鈴鹿,株式会社鈴鹿,853696, 
VIETA（飲食）,サラヤ株式会社,サラヤ株式会社,853514, 
VIETA（飲食）,サラヤ株式会社,サラヤ株式会社,853697, 
VIETA（飲食）,トリコグ,株式会社トリコグ,853515, 
VIETA（飲食）,トリコグ,株式会社トリコグ,853698, 
VIETA（飲食）,ATG三重支部,株式会社ATG三重支部,853516, 
VIETA（飲食）,ATG三重支部,株式会社ATG三重支部,853699, 
VIETA（飲食）,ATG三重支部,株式会社ATG三重支部,884983, 
VIETA（飲食）,UTパートナーズ株式会社,UTパートナーズ株式会社,853517, 
VIETA（飲食）,UTパートナーズ株式会社,UTパートナーズ株式会社,853700, 
VIETA（飲食）,日商総務課,株式会社日商総務課,853518, 
VIETA（飲食）,日商総務課,株式会社日商総務課,853701, 
VIETA（飲食）,日商総務課,株式会社日商総務課,879413, 
VIETA（飲食）,日商総務課,株式会社日商総務課,884876, 
VIETA（飲食）,東洋軒,株式会社東洋軒,853519, 
VIETA（飲食）,東洋軒,株式会社東洋軒,853702, 
VIETA（飲食）,サードウェーブ,株式会社サードウェーブ,853520, 
VIETA（飲食）,サードウェーブ,株式会社サードウェーブ,853703, 
VIETA（飲食）,三機グリーンテック株式会社,三機グリーンテック株式会社,853521, 
VIETA（飲食）,三機グリーンテック株式会社,三機グリーンテック株式会社,853704, 
VIETA（飲食）,オープンアップコンストラクション,株式会社オープンアップコンストラクション,853522, 
VIETA（飲食）,オープンアップコンストラクション,株式会社オープンアップコンストラクション,853705, 
VIETA（飲食）,リトルリーグ／RonHerman,株式会社リトルリーグ／RonHerman,853523, 
VIETA（飲食）,リトルリーグ／RonHerman,株式会社リトルリーグ／RonHerman,853706, 
VIETA（飲食）,フレンズ,株式会社フレンズ,853524, 
VIETA（飲食）,フレンズ,株式会社フレンズ,853707, 
VIETA（飲食）,極東冷蔵株式会社,極東冷蔵株式会社,853528, 
VIETA（飲食）,極東冷蔵株式会社,極東冷蔵株式会社,893166, 
VIETA（飲食）,ウィーポック,株式会社ウィーポック,853529, 
VIETA（飲食）,ウィーポック,株式会社ウィーポック,853966, 
VIETA（飲食）,ウィーポック,株式会社ウィーポック,859323, 
VIETA（飲食）,MYダイナーズ,株式会社MYダイナーズ,853538, 
VIETA（飲食）,MYダイナーズ,株式会社MYダイナーズ,867373,055-978-0770
VIETA（飲食）,ATG静岡工場,株式会社ATG静岡工場,853574, 
VIETA（飲食）,ATG静岡工場,株式会社ATG静岡工場,884067, 
VIETA（飲食）,ATG静岡工場,株式会社ATG静岡工場,889748, 
VIETA（飲食）,JEM,株式会社JEM,853575, 
VIETA（飲食）,JEM,株式会社JEM,854594, 
VIETA（飲食）,JEM,株式会社JEM,893811, 
VIETA（飲食）,ラルスコ-ポレーション,株式会社ラルスコ-ポレーション,853620, 
VIETA（飲食）,ラルスコ-ポレーション,株式会社ラルスコ-ポレーション,853828, 
VIETA（飲食）,岸保産業株式会社,岸保産業株式会社,854675, 
VIETA（飲食）,岸保産業株式会社,岸保産業株式会社,879326, 
VIETA（飲食）,ネクステージ津店,ネクステージ津店,854758, 
VIETA（飲食）,ネクステージ津店,ネクステージ津店,884856, 
VIETA（飲食）,ネクステージ天白セダン・スポーツ専門店,ネクステージ天白セダン・スポーツ専門店,854759, 
VIETA（飲食）,ネクステージ天白セダン・スポーツ専門店,ネクステージ天白セダン・スポーツ専門店,859699, 
VIETA（飲食）,ジャガー・ランドローバー名古屋中央,ジャガー・ランドローバー名古屋中央,854782, 
VIETA（飲食）,ジャガー・ランドローバー名古屋中央,ジャガー・ランドローバー名古屋中央,884238, 
VIETA（飲食）,GOODLUCK,株式会社GOODLUCK,855676, 
VIETA（飲食）,GOODLUCK,株式会社GOODLUCK,860528, 
VIETA（飲食）,ネクステージ一宮スバル車専門店,ネクステージ一宮スバル車専門店,859711, 
VIETA（飲食）,ネクステージ一宮スバル車専門店,ネクステージ一宮スバル車専門店,884254, 
VIETA（飲食）,PRIMERO,株式会社PRIMERO,860114, 
VIETA（飲食）,PRIMERO,株式会社PRIMERO,861865, 
VIETA（飲食）,一栄重量,有限会社一栄重量,860175, 
VIETA（飲食）,一栄重量,有限会社一栄重量,861926, 
VIETA（飲食）,Dr.stretchサカエチカ店,Dr.stretchサカエチカ店,860182, 
VIETA（飲食）,Dr.stretchサカエチカ店,Dr.stretchサカエチカ店,861933, 
VIETA（飲食）,ストラッシュ名古屋駅前店,ストラッシュ名古屋駅前店,860190, 
VIETA（飲食）,ストラッシュ名古屋駅前店,ストラッシュ名古屋駅前店,861941, 
VIETA（飲食）,ベリテ,ベリテ,860209, 
VIETA（飲食）,ベリテ,ベリテ,861960, 
VIETA（飲食）,ベリテ,株式会社ベリテ,900962, 
VIETA（飲食）,三国ワイン株式会社,三国ワイン株式会社,860211, 
VIETA（飲食）,三国ワイン株式会社,三国ワイン株式会社,861962, 
VIETA（飲食）,AAAALLIANCE,AAAALLIANCE,860225, 
VIETA（飲食）,AAAALLIANCE,AAAALLIANCE,861976, 
VIETA（飲食）,高見株式会社,高見株式会社,860241, 
VIETA（飲食）,高見株式会社,高見株式会社,861992, 
VIETA（飲食）,DREAMSFOODCOMPANY,DREAMSFOODCOMPANY,860464, 
VIETA（飲食）,DREAMSFOODCOMPANY,株式会社DREAMSFOODCOMPANY,900776, 
VIETA（飲食）,Creep-Up津工場,株式会社Creep-Up津工場,867316, 
VIETA（飲食）,Creep-Up津工場,株式会社Creep-Up津工場,879439, 
VIETA（飲食）,Creep-Up津工場,株式会社Creep-Up津工場,884935, 
VIETA（飲食）,Creep-Up伊勢工場,株式会社Creep-Up伊勢工場,867317, 
VIETA（飲食）,Creep-Up伊勢工場,株式会社Creep-Up伊勢工場,879443, 
VIETA（飲食）,Creep-Up伊勢工場,株式会社Creep-Up伊勢工場,884934, 
VIETA（飲食）,Creep-Up鈴鹿工場,株式会社Creep-Up鈴鹿工場,867318, 
VIETA（飲食）,Creep-Up鈴鹿工場,株式会社Creep-Up鈴鹿工場,879441, 
VIETA（飲食）,Creep-Up鈴鹿工場,株式会社Creep-Up鈴鹿工場,884930, 
VIETA（飲食）,Creep-Up桑名工場,株式会社Creep-Up桑名工場,867319, 
VIETA（飲食）,Creep-Up桑名工場,株式会社Creep-Up桑名工場,879446, 
VIETA（飲食）,Creep-Up桑名工場,株式会社Creep-Up桑名工場,884933, 
VIETA（飲食）,Creep-Upいなべ工場,株式会社Creep-Upいなべ工場,867320, 
VIETA（飲食）,Creep-Upいなべ工場,株式会社Creep-Upいなべ工場,879447, 
VIETA（飲食）,Creep-Upいなべ工場,株式会社Creep-Upいなべ工場,884942, 
VIETA（飲食）,Creep-Up亀山工場,株式会社Creep-Up亀山工場,867321, 
VIETA（飲食）,Creep-Up亀山工場,株式会社Creep-Up亀山工場,879445, 
VIETA（飲食）,Creep-Up亀山工場,株式会社Creep-Up亀山工場,884931, 
VIETA（飲食）,Creep-Up松阪工場,株式会社Creep-Up松阪工場,867322, 
VIETA（飲食）,Creep-Up松阪工場,株式会社Creep-Up松阪工場,879442, 
VIETA（飲食）,Creep-Up松阪工場,株式会社Creep-Up松阪工場,884941, 
VIETA（飲食）,Creep-Up伊賀工場,株式会社Creep-Up伊賀工場,867323, 
VIETA（飲食）,Creep-Up伊賀工場,株式会社Creep-Up伊賀工場,879444, 
VIETA（飲食）,Creep-Up伊賀工場,株式会社Creep-Up伊賀工場,884940, 
VIETA（飲食）,Creep-Up名張工場,株式会社Creep-Up名張工場,867324, 
VIETA（飲食）,Creep-Up名張工場,株式会社Creep-Up名張工場,879440, 
VIETA（飲食）,Creep-Up名張工場,株式会社Creep-Up名張工場,884932, 
VIETA（飲食）,Creep-Up四日市工場,株式会社Creep-Up四日市工場,867325, 
VIETA（飲食）,Creep-Up四日市工場,株式会社Creep-Up四日市工場,884943, 
VIETA（飲食）,Creep-Up四日市工場,株式会社Creep-Up四日市工場,893187, 
VIETA（飲食）,フジ産業株式会社,フジ産業株式会社,867380,0537-72-4252
VIETA（飲食）,フジ産業株式会社,フジ産業株式会社,901097, 
VIETA（飲食）,なすび,株式会社なすび,867391,054-352-1006
VIETA（飲食）,なすび,株式会社なすび,882978,054-347-7888
VIETA（飲食）,なすび,株式会社なすび,900751,054-347-7888
VIETA（飲食）,Creep-Up三島工場,株式会社Creep-Up三島工場,867410, 
VIETA（飲食）,Creep-Up三島工場,株式会社Creep-Up三島工場,879225, 
VIETA（飲食）,Creep-Up三島工場,株式会社Creep-Up三島工場,883365, 
VIETA（飲食）,Creep-Up三島工場,株式会社Creep-Up三島工場,889491, 
VIETA（飲食）,Creep-Up牧之原工場,株式会社Creep-Up牧之原工場,867411, 
VIETA（飲食）,Creep-Up牧之原工場,株式会社Creep-Up牧之原工場,879210, 
VIETA（飲食）,Creep-Up牧之原工場,株式会社Creep-Up牧之原工場,883349, 
VIETA（飲食）,Creep-Up牧之原工場,株式会社Creep-Up牧之原工場,889468, 
VIETA（飲食）,Creep-Up富士工場,株式会社Creep-Up富士工場,867412, 
VIETA（飲食）,Creep-Up富士工場,株式会社Creep-Up富士工場,879205, 
VIETA（飲食）,Creep-Up富士工場,株式会社Creep-Up富士工場,883363, 
VIETA（飲食）,Creep-Up富士工場,株式会社Creep-Up富士工場,889474, 
VIETA（飲食）,Creep-Up沼津工場,株式会社Creep-Up沼津工場,867413, 
VIETA（飲食）,Creep-Up沼津工場,株式会社Creep-Up沼津工場,879206, 
VIETA（飲食）,Creep-Up沼津工場,株式会社Creep-Up沼津工場,883360, 
VIETA（飲食）,Creep-Up沼津工場,株式会社Creep-Up沼津工場,889490, 
VIETA（飲食）,Creep-Up藤枝工場,株式会社Creep-Up藤枝工場,867414, 
VIETA（飲食）,Creep-Up藤枝工場,株式会社Creep-Up藤枝工場,883354, 
VIETA（飲食）,Creep-Up藤枝工場,株式会社Creep-Up藤枝工場,889481, 
VIETA（飲食）,Creep-Up藤枝工場,株式会社Creep-Up藤枝工場,892636, 
VIETA（飲食）,Creep-Up菊川工場,株式会社Creep-Up菊川工場,867415, 
VIETA（飲食）,Creep-Up菊川工場,株式会社Creep-Up菊川工場,879212, 
VIETA（飲食）,Creep-Up菊川工場,株式会社Creep-Up菊川工場,883347, 
VIETA（飲食）,Creep-Up菊川工場,株式会社Creep-Up菊川工場,889480, 
VIETA（飲食）,Creep-Up掛川工場,株式会社Creep-Up掛川工場,867416, 
VIETA（飲食）,Creep-Up掛川工場,株式会社Creep-Up掛川工場,879220, 
VIETA（飲食）,Creep-Up掛川工場,株式会社Creep-Up掛川工場,883361, 
VIETA（飲食）,Creep-Up掛川工場,株式会社Creep-Up掛川工場,889476, 
VIETA（飲食）,Creep-Up駿東郡小山工場,株式会社Creep-Up駿東郡小山工場,867417, 
VIETA（飲食）,Creep-Up駿東郡小山工場,株式会社Creep-Up駿東郡小山工場,879204, 
VIETA（飲食）,Creep-Up駿東郡小山工場,株式会社Creep-Up駿東郡小山工場,883362, 
VIETA（飲食）,Creep-Up駿東郡小山工場,株式会社Creep-Up駿東郡小山工場,889470, 
VIETA（飲食）,Creep-Up浜松市南工場,株式会社Creep-Up浜松市南工場,867418, 
VIETA（飲食）,Creep-Up浜松市南工場,株式会社Creep-Up浜松市南工場,879207, 
VIETA（飲食）,Creep-Up浜松市南工場,株式会社Creep-Up浜松市南工場,883343, 
VIETA（飲食）,Creep-Up浜松市南工場,株式会社Creep-Up浜松市南工場,889484, 
VIETA（飲食）,Creep-Up静岡市葵工場,株式会社Creep-Up静岡市葵工場,867419, 
VIETA（飲食）,Creep-Up静岡市葵工場,株式会社Creep-Up静岡市葵工場,879224, 
VIETA（飲食）,Creep-Up静岡市葵工場,株式会社Creep-Up静岡市葵工場,883366, 
VIETA（飲食）,Creep-Up静岡市葵工場,株式会社Creep-Up静岡市葵工場,889483, 
VIETA（飲食）,Creep-Up静岡市清水工場,株式会社Creep-Up静岡市清水工場,867420, 
VIETA（飲食）,Creep-Up静岡市清水工場,株式会社Creep-Up静岡市清水工場,879222, 
VIETA（飲食）,Creep-Up静岡市清水工場,株式会社Creep-Up静岡市清水工場,883351, 
VIETA（飲食）,Creep-Up静岡市清水工場,株式会社Creep-Up静岡市清水工場,889492, 
VIETA（飲食）,Creep-Up浜松市浜名工場,株式会社Creep-Up浜松市浜名工場,867421, 
VIETA（飲食）,Creep-Up浜松市浜名工場,株式会社Creep-Up浜松市浜名工場,879218, 
VIETA（飲食）,Creep-Up浜松市浜名工場,株式会社Creep-Up浜松市浜名工場,883353, 
VIETA（飲食）,Creep-Up浜松市浜名工場,株式会社Creep-Up浜松市浜名工場,889488, 
VIETA（飲食）,Creep-Up浜松市浜北工場,株式会社Creep-Up浜松市浜北工場,867422, 
VIETA（飲食）,Creep-Up浜松市浜北工場,株式会社Creep-Up浜松市浜北工場,879209, 
VIETA（飲食）,Creep-Up浜松市浜北工場,株式会社Creep-Up浜松市浜北工場,883346, 
VIETA（飲食）,Creep-Up浜松市浜北工場,株式会社Creep-Up浜松市浜北工場,889471, 
VIETA（飲食）,Creep-Up焼津工場,株式会社Creep-Up焼津工場,867423, 
VIETA（飲食）,Creep-Up焼津工場,株式会社Creep-Up焼津工場,883342, 
VIETA（飲食）,Creep-Up焼津工場,株式会社Creep-Up焼津工場,889489, 
VIETA（飲食）,Creep-Up駿東郡清水工場,株式会社Creep-Up駿東郡清水工場,867425, 
VIETA（飲食）,Creep-Up駿東郡清水工場,株式会社Creep-Up駿東郡清水工場,879219, 
VIETA（飲食）,Creep-Up駿東郡清水工場,株式会社Creep-Up駿東郡清水工場,883350, 
VIETA（飲食）,Creep-Up駿東郡清水工場,株式会社Creep-Up駿東郡清水工場,889473, 
VIETA（飲食）,Creep-Up浜松市中央工場,株式会社Creep-Up浜松市中央工場,867426, 
VIETA（飲食）,Creep-Up浜松市中央工場,株式会社Creep-Up浜松市中央工場,879215, 
VIETA（飲食）,Creep-Up浜松市中央工場,株式会社Creep-Up浜松市中央工場,883348, 
VIETA（飲食）,Creep-Up浜松市中央工場,株式会社Creep-Up浜松市中央工場,889477, 
VIETA（飲食）,Creep-Up静岡市駿河工場,株式会社Creep-Up静岡市駿河工場,867427, 
VIETA（飲食）,Creep-Up静岡市駿河工場,株式会社Creep-Up静岡市駿河工場,879223, 
VIETA（飲食）,Creep-Up静岡市駿河工場,株式会社Creep-Up静岡市駿河工場,883359, 
VIETA（飲食）,Creep-Up静岡市駿河工場,株式会社Creep-Up静岡市駿河工場,889475, 
VIETA（飲食）,Creep-Up裾野工場,株式会社Creep-Up裾野工場,867428, 
VIETA（飲食）,Creep-Up裾野工場,株式会社Creep-Up裾野工場,879211, 
VIETA（飲食）,Creep-Up裾野工場,株式会社Creep-Up裾野工場,883344, 
VIETA（飲食）,Creep-Up裾野工場,株式会社Creep-Up裾野工場,889482, 
VIETA（飲食）,Creep-Up御殿場工場,株式会社Creep-Up御殿場工場,867429, 
VIETA（飲食）,Creep-Up御殿場工場,株式会社Creep-Up御殿場工場,879213, 
VIETA（飲食）,Creep-Up御殿場工場,株式会社Creep-Up御殿場工場,883345, 
VIETA（飲食）,Creep-Up御殿場工場,株式会社Creep-Up御殿場工場,889479, 
VIETA（飲食）,Creep-Up榛原郡吉田工場,株式会社Creep-Up榛原郡吉田工場,867430, 
VIETA（飲食）,Creep-Up榛原郡吉田工場,株式会社Creep-Up榛原郡吉田工場,879208, 
VIETA（飲食）,Creep-Up榛原郡吉田工場,株式会社Creep-Up榛原郡吉田工場,883352, 
VIETA（飲食）,Creep-Up榛原郡吉田工場,株式会社Creep-Up榛原郡吉田工場,889486, 
VIETA（飲食）,Creep-Up袋井工場,株式会社Creep-Up袋井工場,867431, 
VIETA（飲食）,Creep-Up袋井工場,株式会社Creep-Up袋井工場,879221, 
VIETA（飲食）,Creep-Up袋井工場,株式会社Creep-Up袋井工場,883367, 
VIETA（飲食）,Creep-Up袋井工場,株式会社Creep-Up袋井工場,889472, 
VIETA（飲食）,Creep-Up湖西工場,株式会社Creep-Up湖西工場,867432, 
VIETA（飲食）,Creep-Up湖西工場,株式会社Creep-Up湖西工場,879217, 
VIETA（飲食）,Creep-Up湖西工場,株式会社Creep-Up湖西工場,883364, 
VIETA（飲食）,Creep-Up湖西工場,株式会社Creep-Up湖西工場,889469, 
VIETA（飲食）,Creep-Up磐田工場,株式会社Creep-Up磐田工場,867433, 
VIETA（飲食）,Creep-Up磐田工場,株式会社Creep-Up磐田工場,879214, 
VIETA（飲食）,Creep-Up磐田工場,株式会社Creep-Up磐田工場,883368, 
VIETA（飲食）,Creep-Up磐田工場,株式会社Creep-Up磐田工場,889487, 
VIETA（飲食）,Creep-Up富士宮工場,株式会社Creep-Up富士宮工場,867434, 
VIETA（飲食）,Creep-Up富士宮工場,株式会社Creep-Up富士宮工場,879216, 
VIETA（飲食）,Creep-Up富士宮工場,株式会社Creep-Up富士宮工場,883341, 
VIETA（飲食）,Creep-Up富士宮工場,株式会社Creep-Up富士宮工場,889485, 
VIETA（飲食）,伸幸建設株式会社,伸幸建設株式会社,876397, 
VIETA（飲食）,伸幸建設株式会社,伸幸建設株式会社,876600, 
VIETA（飲食）,ロジスティード中部輸送係,ロジスティード中部輸送係,877577, 
VIETA（飲食）,ロジスティード中部輸送係,ロジスティード中部輸送係,892464, 
VIETA（飲食）,山岸運送静岡県共同配送センター,山岸運送静岡県共同配送センター,879127, 
VIETA（飲食）,山岸運送静岡県共同配送センター,山岸運送静岡県共同配送センター,892589, 
VIETA（飲食）,山岸運送大柳物流センター,山岸運送大柳物流センター,879146, 
VIETA（飲食）,山岸運送大柳物流センター,山岸運送大柳物流センター,892604, 
VIETA（飲食）,ボデーショップウキギ,株式会社ボデーショップウキギ,879190, 
VIETA（飲食）,ボデーショップウキギ,株式会社ボデーショップウキギ,889226, 
VIETA（飲食）,アリさんマークの引越社静岡ブロック,アリさんマークの引越社静岡ブロック,879201, 
VIETA（飲食）,アリさんマークの引越社静岡ブロック,アリさんマークの引越社静岡ブロック,892635, 
VIETA（飲食）,キャンプリゾート森のひととき／株式会社エイチアン...,キャンプリゾート森のひととき／株式会社エイチアン...,882929, 
VIETA（飲食）,キャンプリゾート森のひととき／株式会社エイチアン...,キャンプリゾート森のひととき／株式会社エイチアン...,884864, 
VIETA（飲食）,ATGエリア製造,株式会社ATGエリア製造,882935, 
VIETA（飲食）,ATGエリア製造,株式会社ATGエリア製造,883198, 
VIETA（飲食）,アクアイグニス,株式会社アクアイグニス,882949,059-394-7733
VIETA（飲食）,アクアイグニス,株式会社アクアイグニス,882952,059-394-7733
VIETA（飲食）,アクアイグニス,株式会社アクアイグニス,882962,059-394-7655
VIETA（飲食）,Second,株式会社Second,883176, 
VIETA（飲食）,Second,株式会社Second,889685, 
VIETA（飲食）,Second,株式会社Second,891266, 
VIETA（飲食）,ネクステージ浜松志都呂店,ネクステージ浜松志都呂店,883270, 
VIETA（飲食）,ネクステージ浜松志都呂店,ネクステージ浜松志都呂店,889060, 
VIETA（飲食）,日髙メンテナンス,株式会社日髙メンテナンス,883399, 
VIETA（飲食）,日髙メンテナンス,株式会社日髙メンテナンス,889564, 
VIETA（飲食）,パルライン／パルシステムグループ,株式会社パルライン／パルシステムグループ,889274, 
VIETA（飲食）,パルライン／パルシステムグループ,株式会社パルライン／パルシステムグループ,892618, 
VIETA（飲食）,ニッコー,ニッコー,889724, 
VIETA（飲食）,ニッコー,株式会社ニッコー,900955, 
VIETA（飲食）,ナーシングホームいきいき,ナーシングホームいきいき,894422, 
VIETA（飲食）,ナーシングホームいきいき,ナーシングホームいきいき,894613, 
VIETA（飲食）,ナーシングホームいきいき,ナーシングホームいきいき,895224, 
VIETA（飲食）,マザーズ住宅型有料老人ホームせんげんの森,株式会社マザーズ住宅型有料老人ホームせんげんの森,894423, 
VIETA（飲食）,マザーズ住宅型有料老人ホームせんげんの森,株式会社マザーズ住宅型有料老人ホームせんげんの森,894614, 
VIETA（飲食）,マザーズ住宅型有料老人ホームせんげんの森,株式会社マザーズ住宅型有料老人ホームせんげんの森,895225, 
VIETA（飲食）,琴葉株式会社スローライフハウスざわわ,琴葉株式会社スローライフハウスざわわ,894492, 
VIETA（飲食）,琴葉株式会社スローライフハウスざわわ,琴葉株式会社スローライフハウスざわわ,894683, 
VIETA（飲食）,琴葉株式会社スローライフハウスざわわ,琴葉株式会社スローライフハウスざわわ,895294, 
VIETA（飲食）,森伸居宅介護支援センター,森伸居宅介護支援センター,895373, 
VIETA（飲食）,森伸居宅介護支援センター,森伸居宅介護支援センター,895774, 
VIETA（飲食）,森伸居宅介護支援センター,森伸居宅介護支援センター,895930, 
VIETA（飲食）,森伸居宅介護支援センター,森伸居宅介護支援センター,896086, 
VIETA（飲食）,森伸居宅介護支援センター,森伸居宅介護支援センター,896242, 
VIETA（飲食）,森伸居宅介護支援センター,森伸居宅介護支援センター,896398, 
VIETA（飲食）,グループホームほのか,グループホームほのか,895400, 
VIETA（飲食）,グループホームほのか,グループホームほのか,895801, 
VIETA（飲食）,グループホームほのか,グループホームほのか,895957, 
VIETA（飲食）,グループホームほのか,グループホームほのか,896113, 
VIETA（飲食）,グループホームほのか,グループホームほのか,896269, 
VIETA（飲食）,グループホームほのか,グループホームほのか,896425, 
VIETA（飲食）,介護老人保健施設フォレスタ藤枝,介護老人保健施設フォレスタ藤枝,895401, 
VIETA（飲食）,介護老人保健施設フォレスタ藤枝,介護老人保健施設フォレスタ藤枝,895802, 
VIETA（飲食）,介護老人保健施設フォレスタ藤枝,介護老人保健施設フォレスタ藤枝,895958, 
VIETA（飲食）,介護老人保健施設フォレスタ藤枝,介護老人保健施設フォレスタ藤枝,896114, 
VIETA（飲食）,介護老人保健施設フォレスタ藤枝,介護老人保健施設フォレスタ藤枝,896270, 
VIETA（飲食）,介護老人保健施設フォレスタ藤枝,介護老人保健施設フォレスタ藤枝,896426, 
VIETA（飲食）,きぼうのつばさ,きぼうのつばさ,895459, 
VIETA（飲食）,きぼうのつばさ,きぼうのつばさ,895860, 
VIETA（飲食）,きぼうのつばさ,きぼうのつばさ,896016, 
VIETA（飲食）,きぼうのつばさ,きぼうのつばさ,896172, 
VIETA（飲食）,きぼうのつばさ,きぼうのつばさ,896328, 
VIETA（飲食）,きぼうのつばさ,きぼうのつばさ,896484, 
VIETA（飲食）,グループホーム徳倉,グループホーム徳倉,895492, 
VIETA（飲食）,グループホーム徳倉,グループホーム徳倉,895893, 
VIETA（飲食）,グループホーム徳倉,グループホーム徳倉,896049, 
VIETA（飲食）,グループホーム徳倉,グループホーム徳倉,896205, 
VIETA（飲食）,グループホーム徳倉,グループホーム徳倉,896361, 
VIETA（飲食）,グループホーム徳倉,グループホーム徳倉,896517, 
VIETA（飲食）,ほがらか小鹿,ほがらか小鹿,895500, 
VIETA（飲食）,ほがらか小鹿,ほがらか小鹿,895901, 
VIETA（飲食）,ほがらか小鹿,ほがらか小鹿,896057, 
VIETA（飲食）,ほがらか小鹿,ほがらか小鹿,896213, 
VIETA（飲食）,ほがらか小鹿,ほがらか小鹿,896369, 
VIETA（飲食）,ほがらか小鹿,ほがらか小鹿,896525, 
VIETA（飲食）,丸千代山岡家,株式会社丸千代山岡家,900795,0566-91-8113
VIETA（飲食）,丸千代山岡家,株式会社丸千代山岡家,901082,055-981-1182
